date,water_temp_C,discharge_m3s,notes,level_m
1968-04-08,13.786033791664249,0.14933831185569124,NA,0.3263718551
1968-04-09,13.068821134760015,0.14952792606213341,NA,0.32649698331818183
1968-04-10,13.074528194085982,0.14971754026857562,NA,0.3266221115363636
1968-04-11,13.080235253411947,0.1499071544750178,NA,0.32674723975454545
1968-04-12,13.085942312737915,0.15009676868145996,NA,0.3268723679727273
1968-04-13,13.091649372063882,0.15028638288790214,NA,0.3269974961909091
1968-04-14,13.09735643138985,0.15047599709434434,NA,0.3271226244090909
1968-04-15,13.103063490715815,0.1506656113007865,NA,0.32724775262727274
1968-04-16,13.108770550041783,0.15085522550722869,NA,0.3273728808454546
1968-04-17,13.11447760936775,0.15104483971367086,NA,0.3274980090636364
1968-04-18,13.120184668693716,0.15123445392011306,NA,0.3276231372818182
1968-04-19,13.125891728019683,0.15142406812655523,NA,0.3277482655
1968-04-20,13.13159878734565,0.15148288708787006,NA,0.32778681059375003
1968-04-21,13.137305846671618,0.15154170604918485,NA,0.32782535568750004
1968-04-22,13.143012905997583,0.15160052501049967,NA,0.32786390078125
1968-04-23,13.14871996532355,0.1516593439718145,NA,0.327902445875
1968-04-24,12.610810472645376,0.15171816293312929,NA,0.32794099096875
1968-04-25,12.072900979967201,0.1517769818944441,NA,0.3279795360625
1968-04-26,12.922831493008854,0.15183580085575893,NA,0.32801808115625003
1968-04-27,13.772762006050506,0.15189461981707375,NA,0.32805662625
1968-04-28,13.928873060062651,0.15195343877838854,NA,0.32809517134375
1968-04-29,14.084984114074796,0.15201225773970337,NA,0.3281337164375
1968-04-30,14.241095168086941,0.1520710767010182,NA,0.32817226153125
1968-05-01,14.397206222099086,0.15212989566233298,NA,0.328210806625
1968-05-02,14.45619193593794,0.1521887146236478,NA,0.32824935171875
1968-05-03,14.515177649776792,0.15224753358496262,NA,0.3282878968125
1968-05-04,14.574163363615645,0.15230635254627742,NA,0.32832644190625
1968-05-05,14.633149077454497,0.15236517150759224,NA,0.328364987
1968-05-06,14.692134791293352,0.15243191885686758,NA,0.3284085935833333
1968-05-07,14.751120505132205,0.15249866620614289,NA,0.32845220016666665
1968-05-08,14.810106218971058,0.1525654135554182,NA,0.32849580675
1968-05-09,14.86909193280991,0.15263216090469353,NA,0.3285394133333333
1968-05-10,14.928077646648763,0.15269890825396887,NA,0.3285830199166666
1968-05-11,14.919315099489644,0.15276565560324418,NA,0.32862662649999996
1968-05-12,14.910552552330525,0.15246477353146226,NA,0.32842969609999995
1968-05-13,14.901790005171407,0.15216389145968032,NA,0.32823276569999993
1968-05-14,14.893027458012288,0.15186300938789837,NA,0.32803583529999997
1968-05-15,14.884264910853169,0.15156212731611646,NA,0.32783890489999995
1968-05-16,14.87550236369405,0.13165380270861174,NA,0.3141261943
1968-05-17,14.866739816534931,0.130856080991262,NA,0.31354498096666666
1968-05-18,14.857977269375812,0.13005835927391224,NA,0.31296376763333333
1968-05-19,14.849214722216693,0.1292606375565625,NA,0.3123825543
1968-05-20,14.840452175057575,0.12624926713369353,NA,0.31013759435
1968-05-21,14.831689627898456,0.12323789671082454,NA,0.3078926344
1968-05-22,15.77117117922273,0.10711730935862285,NA,0.2950704324
1968-05-23,16.710652730547004,0.1150513791909293,NA,0.301537599
1968-05-24,15.187480729099171,0.11512189645406597,NA,0.30159366460000003
1968-05-25,13.664308727651338,0.10836666609824534,NA,0.2961104492
1968-05-26,13.902441204202283,1.8491165169175063,NA,0.7003060247
1968-05-27,14.140573680753228,1.1869276342552573,NA,0.6121634311999999
1968-05-28,14.378706157304173,0.5255789078361781,NA,0.47810311400000005
1968-05-29,17.423039283591695,0.15243234454846893,NA,0.32840890510000004
1968-05-30,17.004464146070077,0.12614091412298944,NA,0.3100754549
1968-05-31,16.58588900854846,0.11315179599433933,NA,0.3000182213
1968-06-01,16.167313871026842,0.10113552210808473,NA,0.289970332
1968-06-02,16.67409946242565,0.0960805086289179,NA,0.2854103301
1968-06-03,17.180885053824465,0.09102549514975107,NA,0.2808503282
1968-06-04,17.687670645223275,0.10020084296247388,NA,0.2891545775
1968-06-05,17.754130117122394,0.15286159434048174,NA,0.3286892331
1968-06-06,17.82058958902151,0.17976284916446733,NA,0.34526035460000004
1968-06-07,17.887049060920624,0.13671388056717088,NA,0.31774149090000003
1968-06-08,17.953508532819743,0.10903304775884394,NA,0.2966617609
1968-06-09,18.49014447031276,0.2280567742289919,NA,0.37111033239999996
1968-06-10,19.026780407805777,0.1632546258617509,NA,0.33531525219999997
1968-06-11,19.563416345298794,0.1125454725146522,NA,0.2995295162
1968-06-12,19.52913089912996,0.10764133258860549,NA,0.2954428014
1968-06-13,19.49484545296113,0.10273719266255878,NA,0.2913560866
1968-06-14,19.460560006792296,0.10036052494195602,NA,0.28925954476666665
1968-06-15,19.42627456062346,0.09798385722135326,NA,0.28716300293333336
1968-06-16,19.391989114454628,0.0956071895007505,NA,0.2850664611
1968-06-17,19.357703668285794,0.09928086477111253,NA,0.2883047165
1968-06-18,19.323418222116963,0.10295454004147454,NA,0.2915429719
1968-06-19,19.28913277594813,0.14003574393932763,NA,0.32006447540000005
1968-06-20,19.601958146954864,0.11416543783143934,NA,0.3008311725
1968-06-21,19.914783517961595,0.10057388826438445,NA,0.2889181676
1968-06-22,17.76475424853541,0.08698233869732955,NA,0.27700516270000003
1968-06-23,18.361224936657386,0.06466940297524651,NA,0.2531791529
1968-06-24,18.95769562477936,0.05379885997593115,NA,0.2394290653
1968-06-25,19.554166312901337,0.0535604654547265,NA,0.23910463238
1968-06-26,19.553428991478352,0.05332207093352185,NA,0.23878019945999998
1968-06-27,19.552691670055367,0.0530836764123172,NA,0.23845576654
1968-06-28,19.55195434863238,0.052845281891112546,NA,0.23813133362
1968-06-29,19.551217027209393,0.052606887369907894,NA,0.2378069007
1968-06-30,19.550479705786408,0.052195625643998725,NA,0.23723814636666665
1968-07-01,19.549742384363423,0.051784363918089556,NA,0.23666939203333334
1968-07-02,19.683465678804914,0.05137310219218039,NA,0.2361006377
1968-07-03,19.817188973246402,0.042155250183674865,NA,0.2223505501
1968-07-04,19.950912267687894,0.038924163156912266,NA,0.21687667905
1968-07-05,20.084635562129385,0.035693076130149666,NA,0.211402808
1968-07-06,20.97934159431235,0.03351112797863774,NA,0.2073020768
1968-07-07,21.87404762649531,0.03132917982712581,NA,0.2032013456
1968-07-08,22.09712087155861,0.08388636715670354,NA,0.2739757516
1968-07-09,22.320194116621906,0.09559376279115,NA,0.2850543135
1968-07-10,21.87181331915293,0.09563509842765852,NA,0.285091690575
1968-07-11,21.423432521683953,0.09567643406416705,NA,0.28512906765
1968-07-12,20.97505172421498,0.09571776970067558,NA,0.28516644472499997
1968-07-13,20.526670926746,0.0957591053371841,NA,0.2852038218
1968-07-14,20.078290129277025,0.09479436413174208,NA,0.28432265749999996
1968-07-15,19.629909331808047,0.09382962292630007,NA,0.2834414932
1968-07-16,19.181528534339073,0.09286488172085805,NA,0.2825603289
1968-07-17,18.733147736870094,0.0770428403300502,NA,0.2669918471
1968-07-18,18.28476693940112,0.07426616103761627,NA,0.26395496063333335
1968-07-18,19.806732414884063,0.07148948174518235,NA,0.2609180741666667
1968-07-19,21.597351005214875,0.06871280245274843,NA,0.2578811877
1968-07-19,22.582412426323717,0.06871280245274843,NA,0.2578811877
1968-07-20,22.98458774795226,0.06328050063326052,NA,0.25151680800000004
1968-07-21,23.3867630695808,0.03657567432783883,NA,0.2129754479
1968-07-22,23.207124759253386,0.02472678905755191,NA,0.1891214054
1968-07-23,23.02748644892597,0.029172237498244602,NA,0.19835821245000002
1968-07-24,22.847848138598554,0.0336176859389373,NA,0.2075950195
1968-07-25,22.81726047108136,0.035174974436691896,NA,0.21038179113333333
1968-07-26,22.78667280356417,0.0367322629344465,NA,0.21316856276666668
1968-07-27,22.756085136046977,0.0382895514322011,NA,0.2159553344
1968-07-28,22.72549746852978,0.04574550629217452,NA,0.2279337492
1968-07-29,22.69490980101259,0.034206231617321434,NA,0.2086911019
1968-07-30,22.664322133495396,0.03209384784822708,NA,0.20459971500000002
1968-07-31,23.051706340517377,0.02998146407913273,NA,0.2005083281
1968-08-01,23.439090547539358,0.0207868281772806,NA,0.17941925390000002
1968-08-02,23.82647475456134,0.016280170617757952,NA,0.16659705190000001
1968-08-03,22.213751714830888,0.010859240471167965,below RC,0.1473357161
1968-08-04,22.452018249822377,0.00684495571779033,below RC,0.1280837246
1968-08-05,22.690284784813862,0.006772482934124548,NA,0.127659494925
1968-08-06,22.92855131980535,0.006700010150458766,NA,0.12723526525
1968-08-06,23.824061702631568,0.006627537366792985,NA,0.126811035575
1968-08-07,23.823357895818717,0.006555064583127204,NA,0.1263868059
1968-08-08,23.822654089005866,0.006482591799461422,NA,0.125962576225
1968-08-09,23.82195028219302,0.0064101190157956405,NA,0.12553834655
1968-08-10,23.821246475380168,0.0063376462321298585,NA,0.12511411687500001
1968-08-11,23.820542668567317,0.006265173448464077,below RC,0.1246898872
1968-08-12,23.81983886175447,0.00810874891108559,below RC,0.13484056349999998
1968-08-13,23.81913505494162,0.010514477425372386,below RC,0.1459004368
1968-08-14,23.818431248128768,0.01499452943133789,NA,0.1624902469
1968-08-15,22.295661422002567,0.04383206963767347,NA,0.2249977807
1968-08-16,20.05608111429376,0.019303520427560818,NA,0.17543392440000002
1968-08-17,20.891220512728854,0.004292439578774907,below RC,0.1111734062
1968-08-18,21.726359911163943,0.0013430513547314743,below RC,0.07814329432
1968-08-19,22.561499309599036,0.0013409350106112787,NA,0.07810568364916667
1968-08-20,22.620529709584737,0.0013388186664910831,NA,0.07806807297833333
1968-08-21,22.679560109570435,0.0013367023223708875,NA,0.0780304623075
1968-08-22,22.738590509556136,0.001334585978250692,NA,0.07799285163666667
1968-08-23,22.334806486641078,0.0013324696341304963,NA,0.07795524096583334
1968-08-24,21.931022463726023,0.0013303532900103008,NA,0.07791763029500001
1968-08-25,21.818379859059895,0.001328236945890105,NA,0.07788001962416667
1968-08-26,21.705737254393767,0.0013261206017699094,NA,0.07784240895333334
1968-08-27,21.59309464972764,0.0013240042576497138,NA,0.0778047982825
1968-08-28,21.48045204506151,0.0013218879135295182,NA,0.07776718761166668
1968-08-29,21.211195667231202,0.0013197715694093226,NA,0.07772957694083334
1968-08-30,20.941939289400896,0.001317655225289127,below RC,0.07769196627000001
1968-08-31,20.791883208286603,0.0013074133644979942,NA,0.0775067161925
1968-09-01,20.641827127172306,0.0012971715037068611,NA,0.07732146611500001
1968-09-02,20.491771046058012,0.0012869296429157283,NA,0.07713621603750001
1968-09-03,20.365756111947736,0.0012766877821245954,below RC,0.07695096596
1968-09-04,20.23974117783746,8.490214265371124e-4,NA,0.06596117457
1968-09-05,20.113726243727182,4.213550709496293e-4,below RC,0.05497138318
1968-09-06,19.987711309616905,6.926312708446764e-4,NA,0.062816361805
1968-09-07,19.86169637550663,9.639074707397235e-4,below RC,0.07066134043
1968-09-08,18.87583060375453,5.917373836381104e-5,below RC,0.030301586189999997
1968-09-08,18.159422297493556,5.917373836381104e-5,below RC,0.030301586189999997
1968-09-09,18.427405120138708,5.108983470264028e-5,NA,0.028808060986666665
1968-09-10,18.69538794278386,4.3005931041469506e-5,NA,0.027314535783333333
1968-09-11,18.963370765429012,3.492202738029874e-5,below RC,0.02582101058
1968-09-12,18.9627004732263,2.950169866400273e-5,NA,0.024330600133333335
1968-09-13,18.962030181023582,2.408136994770672e-5,NA,0.02284018968666667
1968-09-14,18.96135988882087,1.866104123141071e-5,below RC,0.021349779240000002
1968-09-15,18.960689596618156,1.7936170002200975e-5,NA,0.021087205363333337
1968-09-16,18.96001930441544,1.7211298772991236e-5,NA,0.02082463148666667
1968-09-17,18.959349012212726,1.64864275437815e-5,below RC,0.020562057610000004
1968-09-18,18.958678720010013,1.300891505842692e-5,NA,0.01876546671
1968-09-19,18.958008427807297,9.531402573072338e-6,NA,0.016968875810000002
1968-09-20,18.957338135604584,6.0538900877177544e-6,below RC,0.01517228491
1968-09-21,18.95666784340187,5.728713164345133e-6,NA,0.01490971103
1968-09-22,18.955997551199154,5.403536240972512e-6,NA,0.01464713715
1968-09-23,18.95532725899644,5.07835931759989e-6,below RC,0.01438456327
1968-09-24,18.059012525526963,4.951026388764291e-6,NA,0.014268850108333333
1968-09-25,17.162697792057486,4.823693459928691e-6,NA,0.014153136946666665
1968-09-26,17.32127403183739,4.696360531093092e-6,NA,0.014037423785
1968-09-27,17.4798502716173,4.569027602257493e-6,NA,0.013921710623333333
1968-09-28,17.638426511397203,4.441694673421893e-6,NA,0.013805997461666665
1968-09-29,17.797002751177107,4.314361744586294e-6,below RC,0.0136902843
1968-09-30,17.955578990957015,4.348516679500383e-6,NA,0.01372298923
1968-10-01,18.11415523073692,4.382671614414472e-6,below RC,0.01375569416
1968-10-02,18.272731470516824,3.0000889749315913e-6,NA,0.011960660639999999
1968-10-03,18.431307710296732,1.6175063354487108e-6,below RC,0.01016562712
1968-10-04,18.589883950076636,1.5322634458772862e-6,below RC,0.01
1968-10-05,18.85793380194206,8.271747282857343e-6,below RC,0.01667951503
1968-10-06,19.125983653807484,8.80742272388866e-5,below RC,0.03418786647
1968-10-07,19.841185434103572,0.052192103570173544,NA,0.13311841521333334
1968-10-08,19.527354624792768,0.1042961329131082,NA,0.2320489639566667
1968-10-09,19.213523815481963,0.15640016225604286,NA,0.33097951270000003
1968-10-09,19.213523815481963,0.8599012382526805,NA,0.5551316373
1968-10-10,19.48137257968657,0.4708196785154668,NA,0.4624056813
1968-10-11,19.74922134389118,0.06687728064023561,NA,0.2557712524
1968-10-11,18.31640473136923,0.06687728064023561,NA,0.2557712524
1968-10-12,17.240987921334508,0.033853152618629354,NA,0.2080351344
1968-10-12,15.181314040834202,0.033853152618629354,NA,0.2080351344
1968-10-13,17.867040838669606,0.027538141840680548,NA,0.19429439110000002
1968-10-14,16.523172001447833,0.021223131062731746,NA,0.18055364780000002
1968-10-15,15.17930316422606,0.021002342781357354,NA,0.17997087706666667
1968-10-16,14.417314988180514,0.02078155449998296,NA,0.17938810633333335
1968-10-17,13.65532681213497,0.020560766218608563,NA,0.1788053356
1968-10-17,12.043408123047772,0.02033997793723417,NA,0.17822256486666666
1968-10-17,10.073285280830088,0.02011918965585978,NA,0.17763979413333333
1968-10-18,10.062709559409486,0.019898401374485383,NA,0.17705702339999999
1968-10-19,10.052133837988885,0.01991225558742839,NA,0.17709440046666666
1968-10-20,10.041558116568282,0.019926109800371395,NA,0.1771317775333333
1968-10-21,10.03098239514768,0.019939964013314403,NA,0.1771691546
1968-10-22,10.020406673727079,0.016796692316463652,NA,0.16755250309999997
1968-10-23,10.009830952306476,0.013653420619612902,NA,0.15793585159999998
1968-10-24,9.999255230885874,0.010379583926036532,NA,0.1437405097
1968-10-25,9.988679509465273,0.00710574723246016,below RC,0.1295451678
1968-10-26,9.97810378804467,0.006793028890963702,NA,0.12775947855
1968-10-27,8.992238016292571,0.006480310549467244,below RC,0.1259737893
1968-10-28,7.916419030936222,0.027058581949718587,NA,0.17836335175
1968-10-29,7.736646662168263,0.047636853349969935,NA,0.2307529142
1968-10-30,7.556874293400305,0.2034725317988253,NA,0.35848622890000004
1968-10-31,7.3771019246323455,2.915192478986487,NA,0.8040348541
1968-11-01,7.018294508519414,2.5486634334585108,NA,0.7719139393000001
1968-11-02,6.659487092406483,1.0409218964812426,NA,0.5882617329
1968-11-03,5.763172358937009,0.5806167230638882,NA,0.4927708085
1968-11-04,6.971709200430777,0.3100219966137855,NA,0.407346462
1968-11-05,8.180246041924544,0.12003768308640071,NA,0.3054444367
1968-11-06,9.074952074107507,0.22342325605567387,NA,0.3596804261
1968-11-07,9.96965810629047,0.32680882902494707,NA,0.4139164155
1968-11-08,10.327460084099332,0.23302978304849797,NA,0.37354731700000005
1968-11-08,8.536037143125263,0.23302978304849797,NA,0.37354731700000005
1968-11-09,6.475961087303325,0.18751535242255885,NA,0.349711963
1968-11-09,4.68453814632926,0.18751535242255885,NA,0.349711963
1968-11-10,4.012302096227149,0.1833373848160189,NA,0.34729055216666666
1968-11-11,3.340066046125038,0.179159417209479,NA,0.34486914133333335
1968-11-12,4.86162934628636,0.17498144960293907,NA,0.3424477305
1968-11-13,5.756737553790952,0.17022491161563882,NA,0.339509192425
1968-11-14,5.733645987407446,0.1654683736283386,NA,0.33657065435
1968-11-15,5.71055442102394,0.16071183564103836,NA,0.333632116275
1968-11-16,5.687462854640435,0.1559552976537381,NA,0.3306935782
1968-11-17,5.664371288256929,0.13175192248205544,NA,0.3141972107
1968-11-18,5.641279721873422,0.12217126504471446,NA,0.30688158475
1968-11-19,5.618188155489917,0.11259060760737348,NA,0.2995659588
1968-11-20,5.5950965891064115,0.0985277051461984,NA,0.28768098680000004
1968-11-21,5.572005022722905,0.13841998776029235,NA,0.3189394258
1968-11-22,5.0339949862143225,0.4115469382223936,NA,0.44390777210000004
1968-11-23,4.49598494970574,0.726829466943424,NA,0.5275230687
1968-11-24,3.957974913197157,0.2231544463977814,NA,0.36867147899999997
1968-11-25,3.4199648766885744,0.20189954489799716,NA,0.3572224169
1968-11-26,2.7028862782248857,0.18064464339821296,NA,0.34577335480000004
1968-11-27,1.9858076797611968,0.13744269477304005,NA,0.31825449110000004
1968-11-28,1.2687290812975078,0.10098093166334926,NA,0.2898357745
1968-11-29,1.9843330369152241,0.0964232742857272,NA,0.2857350433
1968-11-30,2.789890206137194,0.09186561690810512,NA,0.2816343121
1968-12-01,2.520566799086614,0.0914285899414081,NA,0.2812264349
1968-12-02,2.2512433920360335,0.09099156297471107,NA,0.2808185577
1968-12-03,1.9819199849854527,0.09202555776049647,NA,0.2817611271714286
1968-12-03,1.1755584651202255,0.09305955254628184,NA,0.28270369664285716
1968-12-04,1.4735256923001288,0.09409354733206723,NA,0.28364626611428573
1968-12-05,1.771492919480032,0.09512754211785263,NA,0.2845888355857143
1968-12-06,2.069460146659935,0.09616153690363802,NA,0.28553140505714286
1968-12-06,2.6959152393166548,0.0971955316894234,NA,0.28647397452857143
1968-12-07,2.0236791892145476,0.09822952647520879,NA,0.287416544
1968-12-08,1.3514431391124404,0.10097174197866027,NA,0.2897619548
1968-12-09,1.2910721547213104,0.10371395748211173,NA,0.2921073656
1968-12-10,1.2307011703301807,0.1064561729855632,NA,0.2944527764
1968-12-11,1.1703301859390507,0.10919838848901468,NA,0.2967981872
1968-12-12,1.3040534803805421,0.11075520898272914,NA,0.2980634008333333
1968-12-13,1.4377767748220336,0.1123120294764436,NA,0.2993286144666667
1968-12-14,1.5088545599978531,0.11386884997015806,NA,0.3005938281
1968-12-15,1.5799323451736726,0.12885987862506737,NA,0.3116396851
1968-12-16,1.651010130349492,0.14385090727997668,NA,0.3226855421
1968-12-16,1.7220879155253115,0.18851956245425897,NA,0.35027916
1968-12-17,1.793165700701131,0.24396637561135412,NA,0.3787819749
1968-12-18,1.3895827654468853,0.19859330366265035,NA,0.355855818
1968-12-19,0.9859998301926396,0.16533141440775767,NA,0.33660382650000004
1968-12-20,0.8956444412667608,0.14960198625519192,NA,0.3265465928
1968-12-21,0.805289052340882,0.12005462777102044,NA,0.3054575186
1968-12-22,0.7149336634150032,0.14152201852564097,NA,0.32109141030000005
1968-12-23,0.9384090837999288,0.1497572404111065,NA,0.3266493798
1968-12-24,1.1618845041848544,0.15193853115098843,NA,0.3280785853
1968-12-25,1.1611806973720054,0.15411982189087037,NA,0.3295077908
1968-12-26,1.1604768905591563,0.14532612565965175,NA,0.3235606326
1968-12-27,1.1597730837463072,0.13653242942843316,NA,0.31761347440000004
1968-12-28,1.159069276933458,0.12159015528823144,NA,0.3066376994
1968-12-29,1.2479165084032307,0.11959775412458987,NA,0.30507697335
1968-12-30,1.3367637398730032,0.1176053529609483,NA,0.30351624730000004
1968-12-31,1.4256109713427758,0.11561295179730674,NA,0.30195552125
1969-01-01,1.5144582028125484,0.11362055063366516,NA,0.3003947952
1969-01-02,0.6181434693430674,0.11367105040809801,NA,0.30043528703333333
1969-01-03,0.3041115723714469,0.11372155018253086,NA,0.30047577886666665
1969-01-04,-0.009920324600173558,0.1137720499569637,NA,0.3005162707
1969-01-05,0.01912567085077891,0.10880834375377493,NA,0.2964108674
1969-01-06,0.04817166630173138,0.10384463755058615,NA,0.29230546409999997
1969-01-07,0.07721766175268385,0.10345422830553395,NA,0.29196981806
1969-01-07,2.226442580535611,0.10306381906048175,NA,0.29163417201999997
1969-01-08,2.9424487114749596,0.10267340981542955,NA,0.29129852598
1969-01-09,2.8223770348954154,0.10228300057037734,NA,0.29096287994
1969-01-10,2.7023053583158707,0.10189259132532515,NA,0.2906272339
1969-01-11,2.5822336817363265,0.10175388500367064,NA,0.2905068486
1969-01-12,2.939633484223563,0.10161517868201612,NA,0.2903864633
1969-01-12,3.9246949053324016,0.10147647236036161,NA,0.29026607800000004
1969-01-13,5.894013396906825,0.1013377660387071,NA,0.2901456927
1969-01-14,5.714241028138866,0.10119905971705259,NA,0.2900253074
1969-01-15,5.534468659370908,0.10106035339539808,NA,0.2899049221
1969-01-16,5.3546962906029485,0.10253961053183375,NA,0.29117325050000004
1969-01-17,5.219766470196573,0.10401886766826943,NA,0.2924415789
1969-01-18,5.084836649790198,0.10549812480470509,NA,0.2937099073
1969-01-19,4.949906829383822,0.1073890435771403,NA,0.29527818663333333
1969-01-20,4.814977008977447,0.10927996234957552,NA,0.2968464659666667
1969-01-21,4.575369889580531,0.11117088112201072,NA,0.2984147453
1969-01-22,4.3357627701836146,0.4849820964790158,NA,0.4665825683
1969-01-23,4.096155650786699,1.482586519434803,NA,0.6549022356
1969-01-24,3.782123753815082,2.1142997939562016,NA,0.7293694956
1969-01-25,3.468091856843465,1.8866378133829942,NA,0.7045875675000001
1969-01-26,3.0199344901087173,0.6421978914621793,NA,0.508075782
1969-01-27,2.9595635057175897,0.3138919927899056,NA,0.40888265939999996
1969-01-28,2.899192521326462,0.3094148281049213,NA,0.40708606849999995
1969-01-29,2.8388215369353347,0.304937663419937,NA,0.4052894776
1969-01-30,2.1216088800311006,0.30046049873495273,NA,0.4034928867
1969-01-31,1.4043962231268665,0.2894697349067617,NA,0.39895624550000003
1969-02-01,1.9858747089814663,0.2400766240966344,NA,0.3769392856
1969-02-02,2.567353194836066,0.22691757084207453,NA,0.3705468732
1969-02-02,3.8210677307927696,0.22691757084207453,NA,0.3705468732
1969-02-03,3.909948476872678,0.23267232329203505,NA,0.3733492186
1969-02-04,3.998829222952587,0.23842707574199556,NA,0.37615156399999994
1969-02-05,4.087709969032495,0.20397638170492458,NA,0.35875534379999996
1969-02-05,4.714165061689226,0.20397638170492458,NA,0.35875534379999996
1969-02-06,5.1016833271517505,0.20174889262906134,NA,0.35752855845
1969-02-07,5.489201592614275,0.19952140355319808,NA,0.3563017731
1969-02-08,5.8767198580768,0.19729391447733485,NA,0.35507498774999996
1969-02-09,5.0699561628899446,0.19506642540147162,NA,0.3538482024
1969-02-10,5.024376293105375,0.1928389363256084,NA,0.35262141705
1969-02-11,4.978796423320805,0.19061144724974516,NA,0.35139463169999996
1969-02-12,4.172434903455581,0.1883839581738819,NA,0.35016784635
1969-02-13,4.082280602190515,0.18615646909801867,NA,0.348941061
1969-02-14,3.992126300925449,0.18051101336920405,NA,0.3456229121
1969-02-15,3.9019719996603826,0.1748655576403894,NA,0.3423047632
1969-02-16,3.8118176983953163,0.1692201019115748,NA,0.3389866143
1969-02-17,3.8334011073227163,0.38627102358771487,NA,0.4354521457
1969-02-18,3.8549845162501164,0.5548060418152926,NA,0.4860186418
1969-02-19,3.8765679251775165,0.854280254701938,NA,0.5540280795
1969-02-20,3.8981513341049165,0.39208175275561197,NA,0.4374293924
1969-02-21,3.9870991094050954,0.24176761215889073,NA,0.37774289250000004
1969-02-22,4.076046884705274,0.21934106511073326,NA,0.36674842900000004
1969-02-23,4.164994660005453,0.2137633448008341,NA,0.36381222697500004
1969-02-24,4.253942435305632,0.20818562449093495,NA,0.36087602495000004
1969-02-25,4.969546390923348,0.2026079041810358,NA,0.35793982292500004
1969-02-26,5.37172171255189,0.19703018387113663,NA,0.35500362090000004
1969-02-27,5.7738970341804325,0.21797554637853722,NA,0.36605415
1969-02-28,6.012163569171921,0.33628138685506836,NA,0.41752049900000004
1969-03-01,6.25043010416341,0.45010783713074937,NA,0.4561366132
1969-03-02,6.488696639154899,10.806772213499158,above RC,1.196546359
1969-03-03,6.667128423517428,1.4807328292068747,NA,0.6546536781000001
1969-03-04,6.845560207879957,0.6484079517155652,NA,0.5095615203
1969-03-05,7.023991992242486,0.3695882418049704,NA,0.4296577663
1969-03-06,7.5604938712949625,0.301716734922462,NA,0.40400401799999996
1969-03-07,7.694016078075638,0.24885382778083923,NA,0.3810685168
1969-03-08,7.827538284856313,0.5203093283054911,NA,0.4766435396
1969-03-09,7.8269350218738705,7.931648722709931,above RC,1.089357348
1969-03-10,7.826331758891428,4.536059899146931,above RC,0.9194645736
1969-03-11,7.825728495908985,1.4090918381464752,NA,0.6448767725000001
1969-03-12,7.825125232926542,0.7858669175232867,NA,0.5401724017
1969-03-12,8.630682402148512,0.7858669175232867,NA,0.5401724017
1969-03-12,9.257539670126867,0.7858669175232867,NA,0.5401724017
1969-03-12,10.063499014670462,0.7858669175232867,NA,0.5401724017
1969-03-13,10.689954107327189,0.36537711529403083,NA,0.4281664214
1969-03-14,11.316409199983916,0.33078482119452574,NA,0.4144069895333333
1969-03-14,12.749225812505866,0.2961925270950207,NA,0.40064755766666665
1969-03-15,12.972600689060386,0.2616002329955156,NA,0.3868881258
1969-03-15,13.195975565614905,0.2138602349044833,NA,0.36394328029999995
1969-03-16,13.419350442169424,0.19661514520771786,NA,0.3547765552
1969-03-17,13.642725318723944,0.19667917637494617,NA,0.3548115962
1969-03-17,16.59790958205047,0.1967432075421745,NA,0.3548466372
1969-03-18,18.835881188472765,0.1968072387094028,NA,0.3548816782
1969-03-19,15.342586344807248,0.19687126987663112,NA,0.3549167192
1969-03-20,13.282108113663686,0.39534844306093936,NA,0.43853201579999995
1969-03-21,13.55022499474938,0.860469045155706,NA,0.5552428341
1969-03-22,13.818341875835076,0.6670171919156608,NA,0.5139551942
1969-03-23,14.08645875692077,0.3930127718422971,NA,0.4377442942
1969-03-23,14.802464887860115,0.3930127718422971,NA,0.4377442942
1969-03-24,15.697170920043078,0.2707298055070854,NA,0.3909360619
1969-03-25,16.234074974417183,0.22735917794464816,NA,0.37076552900000004
1969-03-26,16.770979028791288,0.19908870936823228,NA,0.3561249328
1969-03-27,15.576294892820279,0.3018635060512485,NA,0.39887915525
1969-03-28,14.38161075684927,0.4046383027342647,NA,0.4416333777
1969-03-29,13.18692662087826,0.7937033356858479,NA,0.5418011073
1969-03-30,16.76776162621826,1.6677503066985362,NA,0.6787104913
1969-03-30,15.693551342148421,1.6677503066985362,NA,0.6787104913
1969-03-31,14.797236608678944,1.0150360414348636,NA,0.5528936856
1969-04-01,13.900921875209466,0.36232177617119093,NA,0.4270768799
1969-04-02,13.877930852656368,0.2909560886484401,NA,0.39957670469999995
1969-04-03,13.85493983010327,0.24529389109650712,NA,0.3794061719
1969-04-04,13.831948807550171,0.19638824230780888,NA,0.35465227650000003
1969-04-05,13.808957784997073,0.17772041689015655,NA,0.3436624851
1969-04-06,13.270847204658086,0.15905259147250422,NA,0.3326726937
1969-04-07,13.538695968862694,0.15673062610827973,NA,0.33117605373333336
1969-04-08,13.806544733067302,0.15440866074405524,NA,0.32967941376666665
1969-04-09,14.880352841815508,0.15208669537983074,NA,0.3281827738
1969-04-10,15.094631853179195,0.11626729119335302,NA,0.3025009928
1969-04-11,15.308910864542883,0.09261612726613523,NA,0.28233046
1969-04-12,15.523189875906569,0.08310721046361824,NA,0.27320111199999997
1969-04-13,15.737468887270257,0.07384545502755897,NA,0.2631392062
1969-04-14,15.951747898633943,0.0645836995914997,NA,0.2530773004
1969-04-15,17.473311198795262,0.04976593730596396,NA,0.2338346532
1969-04-16,18.457970444582475,0.08798626735638496,NA,0.2779713598
1969-04-17,19.039448930437075,0.0883396434237027,NA,0.2783086878
1969-04-18,19.620927416291675,0.08869301949102042,NA,0.2786460158
1969-04-19,19.172568961896122,0.08904639555833815,NA,0.2789833438
1969-04-20,18.72421050750057,0.06955914021468422,NA,0.2588408438
1969-04-20,17.38054275793961,0.06955914021468422,NA,0.2588408438
1969-04-21,16.036875008378654,0.07209469966088906,NA,0.26163384494999997
1969-04-22,13.707341487065595,0.07463025910709391,NA,0.2644268461
1969-04-23,14.423079501123857,0.08636304105753807,NA,0.2764052608
1969-04-24,15.138817515182117,0.06728559982069345,NA,0.2562440722
1969-04-25,15.854555529240379,0.08272092968860843,NA,0.27281519379999997
1969-04-26,16.749663736744974,0.3547894692049229,NA,0.3885887822
1969-04-27,16.62959206016543,0.6268580087212373,NA,0.5043623706
1969-04-28,16.509520383585887,0.22638617194066615,NA,0.3702833649
1969-04-29,16.38944870700634,0.198167392848594,NA,0.35562408019999997
1969-04-30,17.06027714348275,0.19723843207210454,NA,0.35511407013999996
1969-05-01,17.73110557995916,0.1963094712956151,NA,0.35460406007999995
1969-05-02,18.626213787463747,0.19538051051912564,NA,0.35409405002
1969-05-03,17.730100141655086,0.1944515497426362,NA,0.35358403996
1969-05-04,16.833986495846425,0.19352258896614674,NA,0.3530740299
1969-05-05,17.281138424277092,0.19359651661636595,NA,0.353114911075
1969-05-06,17.72829035270776,0.1936704442665852,NA,0.35315579225
1969-05-07,17.010675520481897,0.19374437191680444,NA,0.353196673425
1969-05-08,16.830903151713937,0.19381829956702365,NA,0.3532375546
1969-05-09,16.65113078294598,0.19389222721724286,NA,0.353278435775
1969-05-10,16.47135841417802,0.1939661548674621,NA,0.35331931695
1969-05-11,16.53038881416372,0.19404008251768134,NA,0.353360198125
1969-05-12,16.589419214149423,0.19411401016790056,NA,0.35340107930000003
1969-05-13,16.648449614135124,0.19419187674272345,NA,0.35344406292
1969-05-14,16.707480014120822,0.19426974331754635,NA,0.35348704654
1969-05-15,16.766510414106524,0.19434760989236924,NA,0.35353003016000006
1969-05-16,16.825540814092225,0.19442547646719213,NA,0.35357301378000006
1969-05-17,16.873692168509024,0.19450334304201503,NA,0.35361599740000005
1969-05-18,16.921843522925823,0.20673628769732957,NA,0.36008783610000006
1969-05-19,16.96999487734262,0.21896923235264412,NA,0.3665596748
1969-05-20,17.01814623175942,0.1343549903774313,NA,0.3160679328
1969-05-21,17.06629758617622,0.0642808357451356,NA,0.2527166118
1969-05-22,17.11444894059302,0.04886780686660638,NA,0.23254607889999998
1969-05-23,17.16260029500982,0.0540051147125646,NA,0.23947718829999998
1969-05-24,17.21075164942662,0.05914242255852281,NA,0.2464082977
1969-05-25,17.258903003843418,0.07245200738491692,NA,0.2620608779
1969-05-26,17.307054358260217,0.05920157680945975,NA,0.24648305180000002
1969-05-27,17.355205712677016,0.0617628289964138,NA,0.24958223340000002
1969-05-28,17.66803108368375,0.06432408118336784,NA,0.252681415
1969-05-29,17.980856454690485,0.06688533337032189,NA,0.2557805966
1969-05-29,18.876366837516706,0.06688533337032189,NA,0.2557805966
1969-05-30,19.950577121586537,0.05934223340191501,NA,0.2466605929
1969-05-31,20.62160664572376,0.12367232806383528,NA,0.3082215525
1969-06-01,21.292636169860984,0.24053787576205327,NA,0.3771588759
1969-06-02,21.96346460633739,0.149812311909169,NA,0.3266858224
1969-06-03,22.6342930428138,0.13382814222743372,NA,0.3156913589
1969-06-04,21.290223117931212,0.0919821954062238,NA,0.2817427056
1969-06-05,19.946153193048623,0.048626829411459245,NA,0.23219753780000002
1969-06-06,19.050240634900778,0.0663849332127286,NA,0.25519844890000004
1969-06-07,20.034497705366363,0.10892216351038742,NA,0.2965701871
1969-06-08,21.018754775831944,0.13028546450818557,NA,0.31313196439999996
1969-06-09,21.60043434934736,0.09220357556843499,NA,0.2819482795
1969-06-10,22.182113922862776,0.06891651544662228,NA,0.25811292550000003
1969-06-11,20.658941921414943,0.07353791266914973,NA,0.26303361603333336
1969-06-11,19.942131439832337,0.0781593098916772,NA,0.26795430656666663
1969-06-12,20.001295898258583,0.08278070711420465,NA,0.27287499709999996
1969-06-13,20.060460356684825,0.24743878543578987,NA,0.3804097461
1969-06-14,20.11962481511107,0.12939959111696753,NA,0.3124844068
1969-06-15,20.74527555712454,0.09753971304832466,NA,0.2868026257
1969-06-16,21.28197852383783,0.06438037316123006,NA,0.2528352839
1969-06-17,21.818681490551118,0.04002366481443937,NA,0.21887728639999998
1969-06-18,20.65398175911486,0.02910275793534836,NA,0.1987067536
1969-06-19,19.489282027678602,0.05095347859136771,NA,0.2355138178
1969-06-20,18.324582296242344,0.0406652537733117,NA,0.2199359918
1969-06-21,21.09945795703874,0.03145042047737726,NA,0.2034396244
1969-06-22,21.128638010930235,0.0334219185316841,NA,0.2071511669
1969-06-23,21.157818064821726,0.03539341658599094,NA,0.2108627094
1969-06-24,21.18699811871322,0.07354755975524525,NA,0.263256944
1969-06-25,20.693864145176356,0.054469518015772794,NA,0.24033078700000002
1969-06-26,20.200730171639492,0.04607887310322999,NA,0.2284364707
1969-06-27,22.26000187681817,0.045622075238320646,NA,0.22773714582000001
1969-06-27,24.85657981169258,0.0451652773734113,NA,0.22703782094
1969-06-28,24.691799645191995,0.044708479508501944,NA,0.22633849606
1969-06-29,24.527019478691415,0.0442516816435926,NA,0.22563917118
1969-06-30,24.36223931219083,0.04379488377868325,NA,0.2249398463
1969-07-01,24.197459145690246,0.04342720630000476,NA,0.2243617477
1969-07-02,24.032678979189665,0.043059528821326264,NA,0.22378364909999998
1969-07-03,23.86789881268908,0.042691851342647774,NA,0.2232055505
1969-07-04,22.79248200265436,0.03988698443175193,NA,0.2186502208
1969-07-05,22.702227157558887,0.03080474818407585,NA,0.2021631976
1969-07-06,22.611972312463415,0.025253962855908425,NA,0.18934566775
1969-07-07,22.521717467367942,0.019703177527741,NA,0.1765281379
1969-07-08,22.43146262227247,0.016721924917507562,NA,0.1673847735
1969-07-09,22.486728214386257,0.013740672307274123,NA,0.1582414091
1969-07-10,22.54199380650005,0.03893654797242325,NA,0.217056089
1969-07-11,22.597259398613836,0.09063282141204701,NA,0.2804821641
1969-07-12,22.652524990727628,0.1222704439492001,NA,0.3071572406
1969-07-13,22.707790582841415,0.1279214366265077,NA,0.31133272595
1969-07-14,22.763056174955203,0.1335724293038153,NA,0.3155082113
1969-07-15,22.818321767068994,0.13493533886795456,NA,0.3164781461
1969-07-16,22.873587359182782,0.13629824843209384,NA,0.3174480809
1969-07-17,23.231188249330827,0.14446254099678546,NA,0.322992034
1969-07-18,23.58878913947887,0.15262683356147705,NA,0.3285359871
1969-07-18,24.39474848402247,0.15262683356147705,NA,0.3285359871
1969-07-19,25.155127958781502,0.1859084971918242,NA,0.3487999626
1969-07-20,25.915507433540533,0.17077001083699075,NA,0.3393270571
1969-07-20,24.930446012431688,0.15563152448215734,NA,0.3298541516
1969-07-21,24.437312038894824,0.1404930381273239,NA,0.32038124609999996
1969-07-22,23.94417806535796,0.3937736455541368,NA,0.43800126149999996
1969-07-23,23.047863331888486,0.8576183366108999,NA,0.554684047
1969-07-24,23.114423347618008,0.596769558793768,NA,0.49689069539999997
1969-07-25,23.180983363347533,0.29530880553253064,NA,0.40138108250000004
1969-07-26,23.247543379077058,0.20993331124808406,NA,0.3619024926
1969-07-27,23.31410339480658,0.17533891464983864,NA,0.3426598454
1969-07-28,23.470113904988317,0.20835999989269038,NA,0.3610773939
1969-07-29,23.626124415170054,0.2289310010391047,NA,0.37122339805
1969-07-30,23.782134925351794,0.249502002185519,NA,0.3813694022
1969-07-31,23.93814543553353,0.2870923628556361,NA,0.3979592123
1969-08-01,23.803014527466342,0.3027806070786393,NA,0.4044357231
1969-08-02,23.667883619399152,0.2782958591894066,NA,0.39389585815
1969-08-03,23.398667459101006,0.2538111113001738,NA,0.3833559932
1969-08-04,23.12945129880286,0.3029881585744729,NA,0.4045198215
1969-08-05,22.860235138504716,0.2853122006810665,NA,0.3972088677
1969-08-06,22.59101897820657,0.2581098975967898,NA,0.3853145514
1969-08-07,22.321802817908424,0.24452702770781845,NA,0.37892213890000004
1969-08-08,21.066881755986827,0.23094415781884708,NA,0.37252972640000004
1969-08-09,21.320006434805148,0.19730208234168584,NA,0.3551521947
1969-08-10,21.573131113623468,0.18339598854224295,NA,0.3469195847666667
1969-08-11,21.826255792441785,0.16948989474280005,NA,0.3386869748333333
1969-08-12,22.079380471260105,0.15558380094335716,NA,0.3304543649
1969-08-13,22.332505150078426,0.13980804004515734,NA,0.3194739178
1969-08-14,22.585629828896746,0.12403227914695751,NA,0.3084934707
1969-08-15,22.271396844264313,0.11219290574069915,NA,0.29889083559999996
1969-08-16,21.95716385963188,0.10035353233444079,NA,0.2892882005
1969-08-17,22.068499394502716,0.09680635953347616,NA,0.28610601069999997
1969-08-18,22.17983492937355,0.09325918673251152,NA,0.2829238209
1969-08-19,22.29117046424438,0.09955751526901882,NA,0.288467774
1969-08-20,22.402505999115217,0.10585584380552614,NA,0.2940117271
1969-08-20,22.402505999115217,0.12682247577684228,NA,0.3105828486
1969-08-21,22.401751920387163,0.12147507599710029,NA,0.30648678954999997
1969-08-22,22.40099784165911,0.11612767621735831,NA,0.3023907305
1969-08-23,22.400243762931055,0.10947208183581032,NA,0.29690751515
1969-08-24,22.399489684203004,0.10281648745426233,NA,0.2914242998
1969-08-25,22.39873560547495,0.09458845206803836,NA,0.2841413787
1969-08-26,22.397981526746896,0.06760555153262426,NA,0.2566131707
1969-08-27,22.397227448018842,0.05499757096781956,NA,0.2410353447
1969-08-28,22.39647336929079,0.053341800735660236,NA,0.23878571259999998
1969-08-29,22.306386097245994,0.051686030503500915,NA,0.2365360805
1969-08-30,22.216298825201203,0.05171632520553668,NA,0.2365781297
1969-08-31,22.12621155315641,0.051746619907572435,NA,0.2366201789
1969-09-01,21.050794743121685,0.054426263767802435,NA,0.24009741395
1969-09-02,21.497946671552356,0.05710590762803243,NA,0.24357464899999998
1969-09-03,21.945098599983023,0.05978555148826243,NA,0.24705188404999998
1969-09-04,22.392049440752878,0.06246519534849243,NA,0.2505291191
1969-09-05,22.83900028152273,0.054588964373394354,NA,0.24049057399999998
1969-09-06,22.36085851025324,0.05708728146047512,NA,0.2437288294
1969-09-07,21.88271673898375,0.05958559854755589,NA,0.24696708480000001
1969-09-08,21.40457496771426,0.04870943057959657,NA,0.2323171444
1969-09-09,19.52319881313594,0.04889165350726869,NA,0.232579484675
1969-09-09,17.463122757314007,0.049073876434940815,NA,0.23284182495
1969-09-10,16.925213264635833,0.04925609936261294,NA,0.23310416522500002
1969-09-11,16.387303771957658,0.04943832229028506,NA,0.23336650550000002
1969-09-12,16.181926241046018,0.048080165247668186,NA,0.23134183662500002
1969-09-13,15.976548710134374,0.04672200820505132,NA,0.22931716775
1969-09-14,15.771171179222732,0.04536385116243445,NA,0.22729249887499997
1969-09-15,15.565793648311091,0.04400569411981758,NA,0.22526782999999997
1969-09-16,15.36041611739945,0.04947248167262583,NA,0.23311280865
1969-09-17,15.155038586487807,0.05493926922543409,NA,0.2409577873
1969-09-18,14.949661055576165,0.7354659110045881,NA,0.5294171514
1969-09-19,14.94899076337345,3.258803542574288,above RC,0.8316826687
1969-09-20,14.948320471170737,0.44674340462115053,NA,0.45509939959999995
1969-09-21,14.947650178968022,0.28328433154550553,NA,0.3963501297
1969-09-22,16.021860463037857,0.07693891603779905,NA,0.2668825192
1969-09-23,16.424035784666398,0.07364010994678553,NA,0.26324261606666666
1969-09-24,16.826211106294938,0.07034130385577202,NA,0.2596027129333333
1969-09-25,16.601529159945127,0.0670424977647585,NA,0.25596280979999997
1969-09-26,16.376847213595315,0.05519950072107637,NA,0.24130352510000003
1969-09-27,15.480733567786652,0.033003232441584894,NA,0.2064363305
1969-09-28,14.584619921977989,0.04199781113335798,NA,0.22209825500000002
1969-09-29,16.19593534808274,0.04797106247198284,NA,0.23086177495000001
1969-09-30,17.807250774187494,0.0539443138106077,NA,0.2396252949
1969-10-01,17.090038117283264,0.04622688604504266,NA,0.22865886419999998
1969-10-02,16.940116094609515,0.042501176805315545,NA,0.2227210503
1969-10-03,16.790194071935762,0.03877546756558843,NA,0.2167832364
1969-10-04,16.640272049262013,0.0357315885503114,NA,0.2113093653
1969-10-05,15.833508354075153,0.03268770953503438,NA,0.2058354942
1969-10-06,15.250823342255668,0.03200369702448238,NA,0.2045090756
1969-10-07,14.668138330436182,0.03131968451393038,NA,0.20318265700000002
1969-10-08,15.085372883552372,0.031576052281310274,NA,0.203681640825
1969-10-09,15.50260743666856,0.03183242004869016,NA,0.20418062465
1969-10-10,15.91984198978475,0.03208878781607006,NA,0.204679608475
1969-10-11,15.381932497106574,0.032345155583449955,NA,0.2051785923
1969-10-12,14.844023004428397,0.03301826446470115,NA,0.20644692069999998
1969-10-13,13.858157232676302,0.03369137334595235,NA,0.2077152491
1969-10-14,12.782740422641577,0.03436448222720354,NA,0.2089835775
1969-10-15,10.991317481667508,0.035000575786839724,NA,0.21012133534
1969-10-16,9.19949236537181,0.0356366693464759,NA,0.21125909318
1969-10-17,9.395861169078973,0.03627276290611208,NA,0.21239685101999997
1969-10-18,9.592229972786138,0.036908856465748256,NA,0.21353460885999997
1969-10-19,9.7885987764933,0.03754495002538444,NA,0.21467236669999998
1969-10-20,9.984967580200465,0.03692103388036118,NA,0.21356390312499998
1969-10-21,10.181336383907627,0.03629711773533792,NA,0.21245543954999999
1969-10-22,10.505204818954079,0.03567320159031465,NA,0.211346975975
1969-10-23,10.82907325400053,0.035049285445291394,NA,0.2102385124
1969-10-24,11.15294168904698,0.03457932513016625,NA,0.209366692375
1969-10-25,11.476810124093431,0.03410936481504109,NA,0.20849487235
1969-10-26,11.800678559139882,0.03363940449991595,NA,0.207623052325
1969-10-27,12.124546994186332,0.0331694441847908,NA,0.2067512323
1969-10-28,12.448415429232783,0.03225304455385859,NA,0.2049468545
1969-10-29,12.772283864279235,0.03133664492292639,NA,0.20314247670000002
1969-10-30,12.503027486448925,0.030420245291994188,NA,0.2013380989
1969-10-31,12.233771108618617,0.029503845661061984,NA,0.1995337211
1969-11-01,11.96451473078831,0.02781290929451301,NA,0.19591562125
1969-11-02,11.695258352958,0.02612197292796404,NA,0.19229752139999998
1969-11-03,10.843719138629833,0.028772394205158692,NA,0.1978414745
1969-11-04,9.992179924301666,0.031422815482353345,NA,0.2033854276
1969-11-05,9.484187806937971,0.03417169697967721,NA,0.2084841264
1969-11-06,8.976195689574276,0.03692057847700107,NA,0.2135828252
1969-11-07,8.46820357221058,0.034813615006517806,NA,0.2096398564
1969-11-08,7.974868511012901,0.03270665153603454,NA,0.2056968876
1969-11-09,7.481533449815222,0.030599688065551273,NA,0.2017539188
1969-11-10,6.988198388617543,0.03189467420494838,NA,0.20423762473333332
1969-11-11,6.494863327419864,0.03318966034434549,NA,0.20672133066666668
1969-11-12,5.92703645942721,0.0344846464837426,NA,0.2092050366
1969-11-13,5.359209591434556,0.03607479952757197,NA,0.2120011525
1969-11-14,4.791382723441902,0.037664952571401344,NA,0.2147972684
1969-11-15,4.462492682643453,0.03925510561523071,NA,0.2175933843
1969-11-16,4.133602641845003,0.04099240175851704,NA,0.2203895002
1969-11-17,3.8047126010465533,0.04272969790180336,NA,0.2231856161
1969-11-18,4.184600706934845,0.044466994045089685,NA,0.22598173200000002
1969-11-19,4.564488812823138,0.052050985478904334,NA,0.23704160529999999
1969-11-20,4.94437691871143,0.05780037434633814,NA,0.24444132964999998
1969-11-21,5.324265024599722,0.06354976321377195,NA,0.251841054
1969-11-22,5.0369777865164,0.08856564823242886,NA,0.2785254748
1969-11-23,4.749690548433078,0.15065992788818217,NA,0.327245544
1969-11-24,4.462403310349755,0.17419430431085595,NA,0.3419795828
1969-11-25,4.175116072266433,0.24003935837096765,NA,0.3769215315
1969-11-26,3.887828834183111,0.16822441429365967,NA,0.3383801715
1969-11-27,3.6633479754941156,0.09169696170374361,NA,0.2814773285
1969-11-28,3.4388671168051204,0.07430047892264562,NA,0.264071764
1969-11-29,3.214386258116125,0.0677175815019845,NA,0.2567421216
1969-11-30,2.98990539942713,0.06073089696370643,NA,0.2480486836
1969-12-01,2.9891010487838727,0.053744212425428366,NA,0.23935524560000002
1969-12-02,2.9882966981406156,0.054463761418791834,NA,0.2403142788
1969-12-03,2.9874923474973585,0.05518331041215531,NA,0.241273312
1969-12-04,2.9866879968541014,0.05590285940551878,NA,0.24223234519999998
1969-12-05,3.8219614537297333,0.05719716028398138,NA,0.243881841775
1969-12-06,4.657234910605365,0.05849146116244398,NA,0.24553133835
1969-12-07,5.492508367480998,0.05978576204090658,NA,0.24718083492499998
1969-12-08,4.820272317378892,0.06108006291936918,NA,0.2488303315
1969-12-09,4.148036267276787,0.06213859734882409,NA,0.25009398775
1969-12-10,3.3408703967682953,0.063197131778279,NA,0.251357644
1969-12-11,1.8176983953204697,0.0642556662077339,NA,0.25262130024999996
1969-12-12,1.4588909792075349,0.0653142006371888,NA,0.2538849565
1969-12-13,1.1000835630946,0.06637273506664372,NA,0.25514861275
1969-12-14,1.0471751652270231,0.06743126949609862,NA,0.25641226899999997
1969-12-15,0.9942667673594462,0.06807105769638522,NA,0.25714088814999997
1969-12-16,0.9413583694918692,0.06871084589667181,NA,0.25786950729999997
1969-12-17,0.8884499716242924,0.06935063409695842,NA,0.25859812644999997
1969-12-18,0.8355415737567153,0.06999042229724502,NA,0.25932674559999996
1969-12-19,0.7826331758891385,0.08214060378701762,NA,0.272233046
1969-12-20,0.7297247780215615,0.11522184735604248,NA,0.3016730908
1969-12-21,0.6768163801539847,0.1322678874461226,NA,0.31457004699999996
1969-12-22,0.6239079822864078,0.13106101665687936,NA,0.31369355479999994
1969-12-23,0.5709995844188308,0.12985414586763613,NA,0.3128170626
1969-12-24,0.518091186551254,0.12255140402819457,NA,0.30737122429999997
1969-12-25,0.465182788683677,0.12022203989387309,NA,0.3055621744
1969-12-26,0.4261717824857091,0.11789267575955162,NA,0.30375312449999997
1969-12-27,0.38716077628774115,0.11556331162523013,NA,0.3019440746
1969-12-28,0.34814977008977316,0.09810222876629751,NA,0.2873034784
1969-12-29,0.3091387638918052,0.09034485096495273,NA,0.2799925246
1969-12-30,0.27012775769383723,0.08258747316360794,NA,0.2726815708
1969-12-31,0.23111675149586933,0.07619342652832617,NA,0.26567679743333333
1970-01-01,0.19210574529790136,0.0697993798930444,NA,0.2586720240666666
1970-01-02,1.2655116787244793,0.06340533325776262,NA,0.25166725069999996
1970-01-03,1.0708811661296889,0.05970084493441967,NA,0.2471119209
1970-01-04,0.8762506535348986,0.06424950753934965,NA,0.2526792347
1970-01-05,0.6816201409401081,0.07355856618860758,NA,0.26282056675
1970-01-06,0.4869896283453178,0.08286762483786551,NA,0.2729618988
1970-01-07,0.2923591157505273,0.09125836197197974,NA,0.28081622165
1970-01-08,0.09772860315573695,0.09964909910609397,NA,0.2886705445
1970-01-09,0.09704993230048853,0.11507723204284509,NA,0.3015581564
1970-01-10,0.09637126144524011,0.21407928206219703,NA,0.36405634589999997
1970-01-11,0.09569259058999169,0.5153003570632769,NA,0.47524657179999996
1970-01-12,0.09501391973474327,1.2835325260287669,NA,0.6268713061
1970-01-13,0.09433524887949485,0.20558820296053837,NA,0.3596131474
1970-01-14,0.09365657802424643,1.1355054334863135,NA,0.6039918705
1970-01-15,0.09297790716899801,2.1544406553368978,NA,0.7335435793
1970-01-16,0.09229923631374959,3.6309262896772965,above RC,0.8594211226999999
1970-01-17,0.09162056545850117,1.6810832131788813,NA,0.6803522787999999
1970-01-18,0.09094189460325275,0.9589981625162243,NA,0.5738108253
1970-01-19,0.09026322374800433,0.4446066167804447,NA,0.4544378256
1970-01-20,0.08958455289275591,0.17336584751638093,NA,0.34148527110000004
1970-01-21,0.08890588203750749,0.08913882790763399,NA,0.2790711799
1970-01-22,0.08822721118225907,0.07900075785488228,NA,0.2690326348
1970-01-23,0.08754854032701065,0.076278448468134,NA,0.266073072125
1970-01-24,0.08686986947176223,0.07355613908138572,NA,0.26311350945
1970-01-24,1.6088353449547128,0.07083382969463746,NA,0.26015394677500003
1970-01-25,3.130800820437649,0.06811152030788918,NA,0.2571943841
1970-01-26,5.54827667874682,0.07409357828139941,NA,0.2636662228
1970-01-27,4.831064021842588,0.08007563625490964,NA,0.2701380615
1970-01-28,4.1138513649383555,0.08848830960565922,NA,0.27845165510000003
1970-01-29,4.057228431114071,0.4548996803450882,NA,0.45760459740000003
1970-01-30,4.000605497289786,1.730572358065887,NA,0.6863681174
1970-01-31,3.943982563465502,7.850899878046398,above RC,1.08598033
1970-02-01,3.8873596296412174,4.437109135111343,above RC,0.9133319317
1970-02-02,3.830736695816933,1.6342816579961659,NA,0.6745485551
1970-02-03,3.7741137619926484,0.8647287398500828,NA,0.5560754082
1970-02-04,3.717490828168364,0.5421570134865081,NA,0.4826294765
1970-02-05,3.6608678943440793,0.1987411473357621,NA,0.35593617870000005
1970-02-06,3.6750557459681965,0.8702146765751891,NA,0.5571434578000001
1970-02-07,3.689243597592314,2.356278772856129,NA,0.753748686
1970-02-08,3.7034314492164313,0.7034821849756254,NA,0.5223229846
1970-02-09,3.7176193008405485,0.207602134407064,NA,0.3606783937
1970-02-10,3.731807152464666,0.19743213883533006,NA,0.3552232112
1970-02-11,3.7459950040887833,0.21483537766379915,NA,0.36444600180000003
1970-02-12,3.9690682491520803,0.2526975040241696,NA,0.3828448618
1970-02-13,4.192141494215377,0.43897021167987366,NA,0.452682038
1970-02-14,4.549943472024239,1.6160799749668597,NA,0.6722601444
1970-02-15,4.907745449833101,2.686723317627565,NA,0.7843689116
1970-02-16,5.235294906226123,2.0786854955612015,NA,0.7256196416
1970-02-17,5.5628443626191455,1.001699960970849,NA,0.5814460252
1970-02-18,5.890393819012168,0.3278311898170444,NA,0.4143088747
1970-02-19,5.084032299146941,0.2473126082484556,NA,0.3803508772
1970-02-20,4.59089832561008,0.20151093803195383,NA,0.35743406450000004
1970-02-21,4.09776435207322,0.39194926976092803,NA,0.4373845399
1970-02-22,4.156794752058918,1.6927538668334825,NA,0.6817819515
1970-02-23,4.215825152044616,1.1509965621289033,NA,0.6064802486
1970-02-24,4.2748555520303135,0.3189678711844758,NA,0.41087766019999994
1970-02-24,5.259514797817527,0.3189678711844758,NA,0.41087766019999994
1970-02-25,6.871031311583099,0.20533126544146324,NA,0.3594767211
1970-02-25,7.945241595652934,0.20533126544146324,NA,0.3594767211
1970-02-26,8.213358476738629,0.21243753007046112,NA,0.3632069521
1970-02-27,8.481475357824321,0.2897133660390624,NA,0.39905809800000003
1970-02-28,8.749592238910015,0.33618713992423105,NA,0.4174849908
1970-03-01,7.718950948016603,1.014896576404212,NA,0.5837596655
1970-03-02,6.688309657123192,1.9482658188186692,NA,0.7114929801
1970-03-03,7.8516688041540235,2.375520311369479,NA,0.7556109982
1970-03-04,8.119718656019447,2.3477597984040774,NA,0.752920784
1970-03-05,8.387768507884871,2.146770958354808,NA,0.7327502511
1970-03-06,9.819780769763565,1.6892162235628028,NA,0.6813493119999999
1970-03-07,9.162536921928831,1.1482927039876463,NA,0.606047609
1970-03-08,8.5052930740941,0.3443875892515723,NA,0.4205489756
1970-03-09,7.848049226259366,0.6490037997903498,NA,0.5097035532
1970-03-09,6.235728361850544,0.6490037997903498,NA,0.5097035532
1970-03-10,5.847137628863677,1.6829406471757071,NA,0.6805802789000001
1970-03-11,5.458546895876808,3.8043497172880674,above RC,0.8716742589
1970-03-12,5.069956162889941,5.650925614036086,above RC,0.9828644848
1970-03-13,5.666292792571375,3.522863881281437,above RC,0.8515784802
1970-03-14,6.262629422252808,3.0013499097581726,NA,0.8111720046
1970-03-15,6.858966051934242,2.506929289189113,NA,0.7680566263
1970-03-16,7.395065755665087,2.098184349890293,NA,0.7276781835
1970-03-17,7.260135935258711,1.6115240094014585,NA,0.6716845376
1970-03-18,7.125206114852336,1.2886724751707315,NA,0.6276319294
1970-03-19,8.199014223600543,0.7269016033821304,NA,0.5275389538999999
1970-03-20,8.377580066403615,0.3843783760477914,NA,0.4348036536
1970-03-21,8.556145909206686,0.25596447274059686,NA,0.38433994439999997
1970-03-22,8.734711752009758,0.20037422074261727,NA,0.35682108069999996
1970-03-23,10.301050571312388,0.3217736107846223,NA,0.4119709393
1970-03-24,11.867389390615017,1.1526163229437454,NA,0.6067390847
1970-03-25,9.80731333479308,3.5796438002775477,above RC,0.8557198588999999
1970-03-26,8.105039256780003,2.1549019863977765,NA,0.7335912351
1970-03-27,9.1340718463869,0.8290487556902874,NA,0.549011143
1970-03-28,10.163104435993798,0.35916740891950893,NA,0.42594528930000003
1970-03-29,10.072883105508462,0.2648102656219849,NA,0.3883224706
1970-03-30,9.982661775023127,0.24091321983594702,NA,0.3773373514
1970-03-31,9.89244044453779,0.21318958405371227,NA,0.363596608
1970-04-01,10.250041334685836,0.19267146668185195,NA,0.3526021445
1970-04-02,10.607642224833882,0.1894764150524113,NA,0.35080711099999995
1970-04-03,12.487811853447315,0.18628136342297066,NA,0.34901207749999996
1970-04-04,13.91942194000438,0.16973128921024375,NA,0.33895484384999996
1970-04-05,13.874043157880628,0.15318121499751683,NA,0.3288976102
1970-04-06,13.828664375756874,0.1708226582034553,NA,0.3399574836
1970-04-07,13.78328559363312,0.19129036508603603,NA,0.3510235865
1970-04-08,13.737906811509369,0.21175807196861676,NA,0.36208968939999997
1970-04-09,12.483387924909401,0.2322257788511975,NA,0.37315579229999996
1970-04-10,12.75123668911401,0.19839916048041678,NA,0.3557502278
1970-04-11,13.01908545331862,0.22859279645937677,NA,0.37137477519999995
1970-04-12,15.794765464758274,0.2895658291135594,NA,0.3989964258
1970-04-13,15.167304933797476,1.327099160927012,NA,0.6332525054
1970-04-14,14.539844402836678,2.126787909139304,NA,0.7306739552
1970-04-14,16.509565069732737,2.126787909139304,NA,0.7306739552
1970-04-15,16.807398238472096,0.7234446647015962,NA,0.5267764618
1970-04-16,17.105231407211452,0.2664518888321991,NA,0.38905132340000004
1970-04-17,17.40306457595081,0.2503027665143376,NA,0.3817403696
1970-04-18,17.28312695781181,0.371895298539211,NA,0.430469783
1970-04-19,17.16318933967281,0.5195566694140306,NA,0.476434228
1970-04-20,17.04325172153381,0.34657893668119605,NA,0.4213591235
1970-04-21,16.0126104306404,0.25060578770768166,NA,0.38188053359999996
1970-04-22,14.98196913974699,0.2860805148872856,NA,0.3975331137
1970-04-23,15.787258192087874,0.290597253397783,NA,0.39941691775
1970-04-24,16.592547244428758,0.29511399190828036,NA,0.4013007218
1970-04-25,17.39783629676964,0.28866060081602907,NA,0.39859649119999996
1970-04-26,16.50172265096098,0.28220720972377783,NA,0.3958922606
1970-04-27,15.605609005152314,0.24914757499138243,NA,0.38120494309999997
1970-04-27,14.262343430912985,0.24914757499138243,NA,0.38120494309999997
1970-04-28,12.022763123204179,0.239611144335104,NA,0.37665428549999996
1970-04-29,12.917469155387142,0.2300747136788256,NA,0.37210362789999996
1970-04-30,13.812175187570105,0.23978231362723731,NA,0.37673371175
1970-05-01,14.348945183503664,0.24948991357564904,NA,0.3813637956
1970-05-02,14.885715179437225,0.24373415463092687,NA,0.37865022075
1970-05-03,15.422485175370785,0.2379783956862047,NA,0.37593664590000003
1970-05-04,16.541068803260302,0.18690176729834956,NA,0.34936435629999996
1970-05-05,17.65965243114982,0.21592836777892016,NA,0.3650075922
1970-05-06,17.681436927738034,0.23099881582785453,NA,0.372388628
1970-05-07,17.703221424326244,0.2460692638767889,NA,0.3797696638
1970-05-08,17.72500592091446,0.23269950426902777,NA,0.3733865957
1970-05-09,17.746790417502673,0.22351068552238187,NA,0.36884995439999996
1970-05-10,18.059414700848592,0.22922897862224498,NA,0.37163984079999995
1970-05-11,18.37203898419451,0.23494727172210808,NA,0.3744297272
1970-05-12,18.237109163788134,0.24066556482197118,NA,0.3772196136
1970-05-13,18.10217934338176,0.23226550871933146,NA,0.37312355455
1970-05-14,18.325453676105873,0.22386545261669175,NA,0.3690274955
1970-05-15,18.548728008829986,0.19094527504854744,NA,0.3516406195
1970-05-16,18.59269917732804,0.19100661288585033,NA,0.3516748818333333
1970-05-17,18.636670345826094,0.19106795072315322,NA,0.35170914416666665
1970-05-18,18.501740525419716,0.1911292885604561,NA,0.35174340649999997
1970-05-19,18.36681070501334,0.18090171732156884,NA,0.34580559255
1970-05-20,18.50033291179402,0.1706741460826816,NA,0.33986777859999995
1970-05-21,18.633855118574694,0.24337379812599552,NA,0.37850258140000004
1970-05-22,18.513917500435692,0.18812371909876321,NA,0.35005583199999996
1970-05-23,18.393979882296694,0.14771690361815837,NA,0.3252925923
1970-05-24,18.274042264157693,0.14373965380264334,NA,0.32258368955
1970-05-25,18.153970587578147,0.1397624039871283,NA,0.3198747868
1970-05-26,18.033898910998605,0.16804993920681896,NA,0.33827364680000005
1970-05-27,17.91382723441906,0.16817236470626729,NA,0.338348401
1970-05-27,19.794399038354122,0.16817236470626729,NA,0.338348401
1970-05-28,21.046907048345943,0.16243230935822534,NA,0.3347116126
1970-05-29,20.62846596926487,0.1566922540101834,NA,0.3310748242
1970-05-30,20.210024890183796,0.15095219866214146,NA,0.32743803579999997
1970-05-31,19.791583811102722,0.14917520832111478,NA,0.3262538058333333
1970-06-01,20.059432575307333,0.14739821798008812,NA,0.3250695758666667
1970-06-02,20.685485492642428,0.14562122763906143,NA,0.3238853459
1970-06-03,21.28182212232386,0.1465953567202457,NA,0.3245381986
1970-06-04,21.878158752005294,0.14756948580142998,NA,0.3251910513
1970-06-05,22.474495381686726,0.14854361488261425,NA,0.32584390399999996
1970-06-06,22.025935839630357,0.14454398892205983,NA,0.32313032914999995
1970-06-07,21.57737629757399,0.1405443629615054,NA,0.3204167543
1970-06-08,21.696241448188648,0.1415983672082717,NA,0.32113836525
1970-06-09,21.815106598803307,0.142652371455038,NA,0.32185997619999995
1970-06-10,21.933971749417964,0.14370637570180428,NA,0.32258158714999996
1970-06-11,22.21981115634342,0.14476037994857058,NA,0.32330319809999997
1970-06-12,22.505650563268883,NA,NA,NA
1970-06-13,22.79148997019434,NA,NA,NA
1970-06-14,23.077329377119803,NA,NA,NA
1970-06-15,23.36316878404526,NA,NA,NA
