DateTime,1,variable,statistic
1968-01-01T00:00:00Z,82.13154,ppt,MEAN
1968-02-01T00:00:00Z,19.570055,ppt,MEAN
1968-03-01T00:00:00Z,89.11421,ppt,MEAN
1968-04-01T00:00:00Z,66.18328,ppt,MEAN
1968-05-01T00:00:00Z,111.91522,ppt,MEAN
1968-06-01T00:00:00Z,52.458492,ppt,MEAN
1968-07-01T00:00:00Z,96.175446,ppt,MEAN
1968-08-01T00:00:00Z,36.066788,ppt,MEAN
1968-09-01T00:00:00Z,7.412459,ppt,MEAN
1968-10-01T00:00:00Z,113.02773,ppt,MEAN
1968-11-01T00:00:00Z,113.63943,ppt,MEAN
1968-12-01T00:00:00Z,88.74057,ppt,MEAN
1969-01-01T00:00:00Z,61.703754000000004,ppt,MEAN
1969-02-01T00:00:00Z,92.89455,ppt,MEAN
1969-03-01T00:00:00Z,114.52012,ppt,MEAN
1969-04-01T00:00:00Z,64.1555,ppt,MEAN
1969-05-01T00:00:00Z,63.88413,ppt,MEAN
1969-06-01T00:00:00Z,123.26985,ppt,MEAN
1969-07-01T00:00:00Z,89.29182,ppt,MEAN
1969-08-01T00:00:00Z,156.87154,ppt,MEAN
1969-09-01T00:00:00Z,121.78423,ppt,MEAN
1969-10-01T00:00:00Z,61.90485,ppt,MEAN
1969-11-01T00:00:00Z,18.79743,ppt,MEAN
1969-12-01T00:00:00Z,104.46476,ppt,MEAN
1970-01-01T00:00:00Z,52.356834,ppt,MEAN
1970-02-01T00:00:00Z,100.12191,ppt,MEAN
1970-03-01T00:00:00Z,129.9536,ppt,MEAN
1970-04-01T00:00:00Z,85.15862,ppt,MEAN
1970-05-01T00:00:00Z,78.47739,ppt,MEAN
1970-06-01T00:00:00Z,69.07572,ppt,MEAN
1970-07-01T00:00:00Z,133.90407,ppt,MEAN
1970-08-01T00:00:00Z,97.00746,ppt,MEAN
1970-09-01T00:00:00Z,39.796654,ppt,MEAN
1970-10-01T00:00:00Z,110.50527,ppt,MEAN
1970-11-01T00:00:00Z,85.22249,ppt,MEAN
1970-12-01T00:00:00Z,59.621323,ppt,MEAN
1971-01-01T00:00:00Z,96.58039,ppt,MEAN
1971-02-01T00:00:00Z,121.50694,ppt,MEAN
1971-03-01T00:00:00Z,118.188385,ppt,MEAN
1971-04-01T00:00:00Z,88.80562,ppt,MEAN
1971-05-01T00:00:00Z,158.559,ppt,MEAN
1971-06-01T00:00:00Z,58.666378,ppt,MEAN
1971-07-01T00:00:00Z,104.433266,ppt,MEAN
1971-08-01T00:00:00Z,165.52563,ppt,MEAN
1971-09-01T00:00:00Z,148.09332,ppt,MEAN
1971-10-01T00:00:00Z,238.48833,ppt,MEAN
1971-11-01T00:00:00Z,65.690056,ppt,MEAN
1971-12-01T00:00:00Z,39.731747,ppt,MEAN
1972-01-01T00:00:00Z,60.690533,ppt,MEAN
1972-02-01T00:00:00Z,114.919,ppt,MEAN
1972-03-01T00:00:00Z,48.421978,ppt,MEAN
1972-04-01T00:00:00Z,71.22535,ppt,MEAN
1972-05-01T00:00:00Z,183.36092,ppt,MEAN
1972-06-01T00:00:00Z,126.22452,ppt,MEAN
1972-07-01T00:00:00Z,98.965294,ppt,MEAN
1972-08-01T00:00:00Z,70.32774,ppt,MEAN
1972-09-01T00:00:00Z,118.26182,ppt,MEAN
1972-10-01T00:00:00Z,112.51606,ppt,MEAN
1972-11-01T00:00:00Z,167.39471,ppt,MEAN
1972-12-01T00:00:00Z,167.53255,ppt,MEAN
1973-01-01T00:00:00Z,76.691,ppt,MEAN
1973-02-01T00:00:00Z,123.3499,ppt,MEAN
1973-03-01T00:00:00Z,128.84642,ppt,MEAN
1973-04-01T00:00:00Z,144.66289,ppt,MEAN
1973-05-01T00:00:00Z,102.169846,ppt,MEAN
1973-06-01T00:00:00Z,166.6507,ppt,MEAN
1973-07-01T00:00:00Z,71.09549,ppt,MEAN
1973-08-01T00:00:00Z,157.52814,ppt,MEAN
1973-09-01T00:00:00Z,40.18674,ppt,MEAN
1973-10-01T00:00:00Z,17.051592,ppt,MEAN
1973-11-01T00:00:00Z,21.69675,ppt,MEAN
1973-12-01T00:00:00Z,153.04791,ppt,MEAN
1974-01-01T00:00:00Z,110.230736,ppt,MEAN
1974-02-01T00:00:00Z,86.006424,ppt,MEAN
1974-03-01T00:00:00Z,96.929245,ppt,MEAN
1974-04-01T00:00:00Z,43.88511,ppt,MEAN
1974-05-01T00:00:00Z,193.6929,ppt,MEAN
1974-06-01T00:00:00Z,82.87998,ppt,MEAN
1974-07-01T00:00:00Z,33.60175,ppt,MEAN
1974-08-01T00:00:00Z,175.90173,ppt,MEAN
1974-09-01T00:00:00Z,147.58809,ppt,MEAN
1974-10-01T00:00:00Z,33.199783,ppt,MEAN
1974-11-01T00:00:00Z,41.726246,ppt,MEAN
1974-12-01T00:00:00Z,125.91588,ppt,MEAN
1975-01-01T00:00:00Z,174.38113,ppt,MEAN
1975-02-01T00:00:00Z,89.54951,ppt,MEAN
1975-03-01T00:00:00Z,190.56367,ppt,MEAN
1975-04-01T00:00:00Z,38.91536,ppt,MEAN
1975-05-01T00:00:00Z,129.43788,ppt,MEAN
1975-06-01T00:00:00Z,49.82389,ppt,MEAN
1975-07-01T00:00:00Z,229.57056,ppt,MEAN
1975-08-01T00:00:00Z,41.435303,ppt,MEAN
1975-09-01T00:00:00Z,256.80753,ppt,MEAN
1975-10-01T00:00:00Z,32.40356,ppt,MEAN
1975-11-01T00:00:00Z,73.85544,ppt,MEAN
1975-12-01T00:00:00Z,83.883,ppt,MEAN
1976-01-01T00:00:00Z,85.26497,ppt,MEAN
1976-02-01T00:00:00Z,41.128265,ppt,MEAN
1976-03-01T00:00:00Z,61.738518,ppt,MEAN
1976-04-01T00:00:00Z,16.272005,ppt,MEAN
1976-05-01T00:00:00Z,107.5114,ppt,MEAN
1976-06-01T00:00:00Z,126.91434,ppt,MEAN
1976-07-01T00:00:00Z,23.564444,ppt,MEAN
1976-08-01T00:00:00Z,42.160122,ppt,MEAN
1976-09-01T00:00:00Z,74.745895,ppt,MEAN
1976-10-01T00:00:00Z,121.80113,ppt,MEAN
1976-11-01T00:00:00Z,57.777603,ppt,MEAN
1976-12-01T00:00:00Z,98.37556,ppt,MEAN
1977-01-01T00:00:00Z,75.89936,ppt,MEAN
1977-02-01T00:00:00Z,55.80319,ppt,MEAN
1977-03-01T00:00:00Z,138.0681,ppt,MEAN
1977-04-01T00:00:00Z,47.949368,ppt,MEAN
1977-05-01T00:00:00Z,84.32893,ppt,MEAN
1977-06-01T00:00:00Z,47.749043,ppt,MEAN
1977-07-01T00:00:00Z,22.883217,ppt,MEAN
1977-08-01T00:00:00Z,100.82154,ppt,MEAN
1977-09-01T00:00:00Z,139.9732,ppt,MEAN
1977-10-01T00:00:00Z,131.4327,ppt,MEAN
1977-11-01T00:00:00Z,71.393234,ppt,MEAN
1977-12-01T00:00:00Z,99.4584,ppt,MEAN
1978-01-01T00:00:00Z,226.41693,ppt,MEAN
1978-02-01T00:00:00Z,29.674395,ppt,MEAN
1978-03-01T00:00:00Z,131.88943,ppt,MEAN
1978-04-01T00:00:00Z,155.5772,ppt,MEAN
1978-05-01T00:00:00Z,124.606926,ppt,MEAN
1978-06-01T00:00:00Z,103.498024,ppt,MEAN
1978-07-01T00:00:00Z,109.39491,ppt,MEAN
1978-08-01T00:00:00Z,129.69879,ppt,MEAN
1978-09-01T00:00:00Z,50.639652,ppt,MEAN
1978-10-01T00:00:00Z,39.37186,ppt,MEAN
1978-11-01T00:00:00Z,115.50835,ppt,MEAN
1978-12-01T00:00:00Z,94.38031,ppt,MEAN
1979-01-01T00:00:00Z,164.43246,ppt,MEAN
1979-02-01T00:00:00Z,165.30617,ppt,MEAN
1979-03-01T00:00:00Z,72.90707,ppt,MEAN
1979-04-01T00:00:00Z,98.179344,ppt,MEAN
1979-05-01T00:00:00Z,140.77057,ppt,MEAN
1979-06-01T00:00:00Z,133.2855,ppt,MEAN
1979-07-01T00:00:00Z,81.27244,ppt,MEAN
1979-08-01T00:00:00Z,55.034412,ppt,MEAN
1979-09-01T00:00:00Z,207.59358,ppt,MEAN
1979-10-01T00:00:00Z,62.698414,ppt,MEAN
1979-11-01T00:00:00Z,172.4367,ppt,MEAN
1979-12-01T00:00:00Z,26.763256,ppt,MEAN
1980-01-01T00:00:00Z,108.215996,ppt,MEAN
1980-02-01T00:00:00Z,59.036064,ppt,MEAN
1980-03-01T00:00:00Z,166.37643,ppt,MEAN
1980-04-01T00:00:00Z,63.467438,ppt,MEAN
1980-05-01T00:00:00Z,114.53554,ppt,MEAN
1980-06-01T00:00:00Z,203.05896,ppt,MEAN
1980-07-01T00:00:00Z,91.48248,ppt,MEAN
1980-08-01T00:00:00Z,32.393856,ppt,MEAN
1980-09-01T00:00:00Z,80.123024,ppt,MEAN
1980-10-01T00:00:00Z,108.645256,ppt,MEAN
1980-11-01T00:00:00Z,66.51346,ppt,MEAN
1980-12-01T00:00:00Z,40.122166,ppt,MEAN
1981-01-01T00:00:00Z,26.667963,ppt,MEAN
1981-02-01T00:00:00Z,68.84872,ppt,MEAN
1981-03-01T00:00:00Z,67.6764,ppt,MEAN
1981-04-01T00:00:00Z,37.49099,ppt,MEAN
1981-05-01T00:00:00Z,108.18203,ppt,MEAN
1981-06-01T00:00:00Z,81.79662,ppt,MEAN
1981-07-01T00:00:00Z,173.03029,ppt,MEAN
1981-08-01T00:00:00Z,172.72746,ppt,MEAN
1981-09-01T00:00:00Z,94.1513,ppt,MEAN
1981-10-01T00:00:00Z,98.321106,ppt,MEAN
1981-11-01T00:00:00Z,17.190723,ppt,MEAN
1981-12-01T00:00:00Z,101.59554,ppt,MEAN
1982-01-01T00:00:00Z,143.54912,ppt,MEAN
1982-02-01T00:00:00Z,115.695404,ppt,MEAN
1982-03-01T00:00:00Z,75.41824,ppt,MEAN
1982-04-01T00:00:00Z,92.69955,ppt,MEAN
1982-05-01T00:00:00Z,129.55032,ppt,MEAN
1982-06-01T00:00:00Z,239.80496,ppt,MEAN
1982-07-01T00:00:00Z,124.199104,ppt,MEAN
1982-08-01T00:00:00Z,100.80283,ppt,MEAN
1982-09-01T00:00:00Z,47.93385,ppt,MEAN
1982-10-01T00:00:00Z,126.83032,ppt,MEAN
1982-11-01T00:00:00Z,64.266594,ppt,MEAN
1982-12-01T00:00:00Z,144.96585,ppt,MEAN
1983-01-01T00:00:00Z,50.989815,ppt,MEAN
1983-02-01T00:00:00Z,133.72644,ppt,MEAN
1983-03-01T00:00:00Z,207.09416,ppt,MEAN
1983-04-01T00:00:00Z,116.700264,ppt,MEAN
1983-05-01T00:00:00Z,160.66542,ppt,MEAN
1983-06-01T00:00:00Z,68.09976,ppt,MEAN
1983-07-01T00:00:00Z,25.963884,ppt,MEAN
1983-08-01T00:00:00Z,75.0651,ppt,MEAN
1983-09-01T00:00:00Z,52.749016,ppt,MEAN
1983-10-01T00:00:00Z,131.93799,ppt,MEAN
1983-11-01T00:00:00Z,131.39026,ppt,MEAN
1983-12-01T00:00:00Z,185.94995,ppt,MEAN
1984-01-01T00:00:00Z,117.69435,ppt,MEAN
1984-02-01T00:00:00Z,158.02003,ppt,MEAN
1984-03-01T00:00:00Z,191.83565,ppt,MEAN
1984-04-01T00:00:00Z,121.00174,ppt,MEAN
1984-05-01T00:00:00Z,174.80585,ppt,MEAN
1984-06-01T00:00:00Z,73.7289,ppt,MEAN
1984-07-01T00:00:00Z,191.90904,ppt,MEAN
1984-08-01T00:00:00Z,80.03746,ppt,MEAN
1984-09-01T00:00:00Z,39.343136,ppt,MEAN
1984-10-01T00:00:00Z,48.417854,ppt,MEAN
1984-11-01T00:00:00Z,39.67059,ppt,MEAN
1984-12-01T00:00:00Z,83.777466,ppt,MEAN
1985-01-01T00:00:00Z,126.14171,ppt,MEAN
1985-02-01T00:00:00Z,140.23955,ppt,MEAN
1985-03-01T00:00:00Z,33.904747,ppt,MEAN
1985-04-01T00:00:00Z,18.204102,ppt,MEAN
1985-05-01T00:00:00Z,140.41365,ppt,MEAN
1985-06-01T00:00:00Z,67.4628,ppt,MEAN
1985-07-01T00:00:00Z,179.7829,ppt,MEAN
1985-08-01T00:00:00Z,200.26596,ppt,MEAN
1985-09-01T00:00:00Z,6.904729,ppt,MEAN
1985-10-01T00:00:00Z,76.86016,ppt,MEAN
1985-11-01T00:00:00Z,317.4746,ppt,MEAN
1985-12-01T00:00:00Z,29.217346,ppt,MEAN
1986-01-01T00:00:00Z,37.298916,ppt,MEAN
1986-02-01T00:00:00Z,49.31757,ppt,MEAN
1986-03-01T00:00:00Z,80.65895,ppt,MEAN
1986-04-01T00:00:00Z,28.929476,ppt,MEAN
1986-05-01T00:00:00Z,77.9307,ppt,MEAN
1986-06-01T00:00:00Z,37.040794,ppt,MEAN
1986-07-01T00:00:00Z,102.65057,ppt,MEAN
1986-08-01T00:00:00Z,268.0312,ppt,MEAN
1986-09-01T00:00:00Z,12.837127,ppt,MEAN
1986-10-01T00:00:00Z,45.69902,ppt,MEAN
1986-11-01T00:00:00Z,79.359436,ppt,MEAN
1986-12-01T00:00:00Z,107.66089,ppt,MEAN
1987-01-01T00:00:00Z,147.64034,ppt,MEAN
1987-02-01T00:00:00Z,98.87981,ppt,MEAN
1987-03-01T00:00:00Z,96.662865,ppt,MEAN
1987-04-01T00:00:00Z,140.29572,ppt,MEAN
1987-05-01T00:00:00Z,56.57791,ppt,MEAN
1987-06-01T00:00:00Z,67.45652,ppt,MEAN
1987-07-01T00:00:00Z,61.52946,ppt,MEAN
1987-08-01T00:00:00Z,88.77735,ppt,MEAN
1987-09-01T00:00:00Z,159.18199,ppt,MEAN
1987-10-01T00:00:00Z,67.50103,ppt,MEAN
1987-11-01T00:00:00Z,53.39913,ppt,MEAN
1987-12-01T00:00:00Z,86.99396,ppt,MEAN
1988-01-01T00:00:00Z,79.301476,ppt,MEAN
1988-02-01T00:00:00Z,65.40076,ppt,MEAN
1988-03-01T00:00:00Z,49.718548,ppt,MEAN
1988-04-01T00:00:00Z,83.19645,ppt,MEAN
1988-05-01T00:00:00Z,88.97401,ppt,MEAN
1988-06-01T00:00:00Z,73.44537,ppt,MEAN
1988-07-01T00:00:00Z,53.040955,ppt,MEAN
1988-08-01T00:00:00Z,106.76846,ppt,MEAN
1988-09-01T00:00:00Z,95.37306,ppt,MEAN
1988-10-01T00:00:00Z,123.36402,ppt,MEAN
1988-11-01T00:00:00Z,97.19408,ppt,MEAN
1988-12-01T00:00:00Z,16.637451,ppt,MEAN
1989-01-01T00:00:00Z,36.249664,ppt,MEAN
1989-02-01T00:00:00Z,150.18973,ppt,MEAN
1989-03-01T00:00:00Z,171.24536,ppt,MEAN
1989-04-01T00:00:00Z,104.78785,ppt,MEAN
1989-05-01T00:00:00Z,108.39589,ppt,MEAN
1989-06-01T00:00:00Z,172.71455,ppt,MEAN
1989-07-01T00:00:00Z,169.36568,ppt,MEAN
1989-08-01T00:00:00Z,125.74386,ppt,MEAN
1989-09-01T00:00:00Z,91.651794,ppt,MEAN
1989-10-01T00:00:00Z,122.09693,ppt,MEAN
1989-11-01T00:00:00Z,89.30419,ppt,MEAN
1989-12-01T00:00:00Z,79.709404,ppt,MEAN
1990-01-01T00:00:00Z,82.48168,ppt,MEAN
1990-02-01T00:00:00Z,106.70614,ppt,MEAN
1990-03-01T00:00:00Z,109.21743,ppt,MEAN
1990-04-01T00:00:00Z,79.32773,ppt,MEAN
1990-05-01T00:00:00Z,170.46419,ppt,MEAN
1990-06-01T00:00:00Z,37.610416,ppt,MEAN
1990-07-01T00:00:00Z,77.56434,ppt,MEAN
1990-08-01T00:00:00Z,92.58728,ppt,MEAN
1990-09-01T00:00:00Z,4.435936,ppt,MEAN
1990-10-01T00:00:00Z,227.2177,ppt,MEAN
1990-11-01T00:00:00Z,47.816425,ppt,MEAN
1990-12-01T00:00:00Z,96.57574,ppt,MEAN
1991-01-01T00:00:00Z,129.19307,ppt,MEAN
1991-02-01T00:00:00Z,27.270414,ppt,MEAN
1991-03-01T00:00:00Z,150.2048,ppt,MEAN
1991-04-01T00:00:00Z,57.43904,ppt,MEAN
1991-05-01T00:00:00Z,77.7848,ppt,MEAN
1991-06-01T00:00:00Z,67.30216,ppt,MEAN
1991-07-01T00:00:00Z,149.64273,ppt,MEAN
1991-08-01T00:00:00Z,64.83697,ppt,MEAN
1991-09-01T00:00:00Z,127.48195,ppt,MEAN
1991-10-01T00:00:00Z,44.786568,ppt,MEAN
1991-11-01T00:00:00Z,29.818693,ppt,MEAN
1991-12-01T00:00:00Z,65.33088,ppt,MEAN
1992-01-01T00:00:00Z,101.01344,ppt,MEAN
1992-02-01T00:00:00Z,57.1457,ppt,MEAN
1992-03-01T00:00:00Z,96.47381,ppt,MEAN
1992-04-01T00:00:00Z,66.70416,ppt,MEAN
1992-05-01T00:00:00Z,90.11377,ppt,MEAN
1992-06-01T00:00:00Z,173.31319,ppt,MEAN
1992-07-01T00:00:00Z,66.2089,ppt,MEAN
1992-08-01T00:00:00Z,123.34693,ppt,MEAN
1992-09-01T00:00:00Z,52.14765,ppt,MEAN
1992-10-01T00:00:00Z,105.24085,ppt,MEAN
1992-11-01T00:00:00Z,158.14037,ppt,MEAN
1992-12-01T00:00:00Z,66.1556,ppt,MEAN
1993-01-01T00:00:00Z,128.4901,ppt,MEAN
1993-02-01T00:00:00Z,73.06589,ppt,MEAN
1993-03-01T00:00:00Z,212.32137,ppt,MEAN
1993-04-01T00:00:00Z,110.73049,ppt,MEAN
1993-05-01T00:00:00Z,120.56118,ppt,MEAN
1993-06-01T00:00:00Z,23.016104,ppt,MEAN
1993-07-01T00:00:00Z,73.92205,ppt,MEAN
1993-08-01T00:00:00Z,96.603134,ppt,MEAN
1993-09-01T00:00:00Z,77.77466,ppt,MEAN
1993-10-01T00:00:00Z,92.87657,ppt,MEAN
1993-11-01T00:00:00Z,88.629456,ppt,MEAN
1993-12-01T00:00:00Z,94.14972,ppt,MEAN
1994-01-01T00:00:00Z,91.94951,ppt,MEAN
1994-02-01T00:00:00Z,86.73621,ppt,MEAN
1994-03-01T00:00:00Z,146.89694,ppt,MEAN
1994-04-01T00:00:00Z,65.35287,ppt,MEAN
1994-05-01T00:00:00Z,65.082405,ppt,MEAN
1994-06-01T00:00:00Z,65.776474,ppt,MEAN
1994-07-01T00:00:00Z,133.25545,ppt,MEAN
1994-08-01T00:00:00Z,117.25796,ppt,MEAN
1994-09-01T00:00:00Z,59.665924,ppt,MEAN
1994-10-01T00:00:00Z,127.540535,ppt,MEAN
1994-11-01T00:00:00Z,62.263874,ppt,MEAN
1994-12-01T00:00:00Z,31.662333,ppt,MEAN
1995-01-01T00:00:00Z,122.143196,ppt,MEAN
1995-02-01T00:00:00Z,117.93871,ppt,MEAN
1995-03-01T00:00:00Z,93.19575,ppt,MEAN
1995-04-01T00:00:00Z,26.494139,ppt,MEAN
1995-05-01T00:00:00Z,132.33417,ppt,MEAN
1995-06-01T00:00:00Z,224.9962,ppt,MEAN
1995-07-01T00:00:00Z,87.40633,ppt,MEAN
1995-08-01T00:00:00Z,104.788765,ppt,MEAN
1995-09-01T00:00:00Z,37.241207,ppt,MEAN
1995-10-01T00:00:00Z,191.56274,ppt,MEAN
1995-11-01T00:00:00Z,121.571434,ppt,MEAN
1995-12-01T00:00:00Z,52.31885,ppt,MEAN
1996-01-01T00:00:00Z,122.31642,ppt,MEAN
1996-02-01T00:00:00Z,62.388725,ppt,MEAN
1996-03-01T00:00:00Z,103.41133,ppt,MEAN
1996-04-01T00:00:00Z,96.07093,ppt,MEAN
1996-05-01T00:00:00Z,119.38677,ppt,MEAN
1996-06-01T00:00:00Z,69.526886,ppt,MEAN
1996-07-01T00:00:00Z,111.121315,ppt,MEAN
1996-08-01T00:00:00Z,112.518456,ppt,MEAN
1996-09-01T00:00:00Z,333.61392,ppt,MEAN
1996-10-01T00:00:00Z,100.303055,ppt,MEAN
1996-11-01T00:00:00Z,81.76349,ppt,MEAN
1996-12-01T00:00:00Z,97.92056,ppt,MEAN
1997-01-01T00:00:00Z,91.60645,ppt,MEAN
1997-02-01T00:00:00Z,75.51043,ppt,MEAN
1997-03-01T00:00:00Z,63.833706,ppt,MEAN
1997-04-01T00:00:00Z,133.82973,ppt,MEAN
1997-05-01T00:00:00Z,42.315018,ppt,MEAN
1997-06-01T00:00:00Z,92.26235,ppt,MEAN
1997-07-01T00:00:00Z,127.357864,ppt,MEAN
1997-08-01T00:00:00Z,28.448568,ppt,MEAN
1997-09-01T00:00:00Z,95.837425,ppt,MEAN
1997-10-01T00:00:00Z,69.0739,ppt,MEAN
1997-11-01T00:00:00Z,106.96222,ppt,MEAN
1997-12-01T00:00:00Z,73.05241,ppt,MEAN
1998-01-01T00:00:00Z,239.55775,ppt,MEAN
1998-02-01T00:00:00Z,167.99396,ppt,MEAN
1998-03-01T00:00:00Z,202.9114,ppt,MEAN
1998-04-01T00:00:00Z,95.045876,ppt,MEAN
1998-05-01T00:00:00Z,96.74189,ppt,MEAN
1998-06-01T00:00:00Z,79.101524,ppt,MEAN
1998-07-01T00:00:00Z,73.5764,ppt,MEAN
1998-08-01T00:00:00Z,118.65666,ppt,MEAN
1998-09-01T00:00:00Z,92.91284,ppt,MEAN
1998-10-01T00:00:00Z,41.690643,ppt,MEAN
1998-11-01T00:00:00Z,60.792854,ppt,MEAN
1998-12-01T00:00:00Z,100.4385,ppt,MEAN
1999-01-01T00:00:00Z,167.95612,ppt,MEAN
1999-02-01T00:00:00Z,56.275837,ppt,MEAN
1999-03-01T00:00:00Z,89.45019,ppt,MEAN
1999-04-01T00:00:00Z,119.17344,ppt,MEAN
1999-05-01T00:00:00Z,28.153173,ppt,MEAN
1999-06-01T00:00:00Z,84.660194,ppt,MEAN
1999-07-01T00:00:00Z,74.28773,ppt,MEAN
1999-08-01T00:00:00Z,116.494,ppt,MEAN
1999-09-01T00:00:00Z,485.25345,ppt,MEAN
1999-10-01T00:00:00Z,71.919846,ppt,MEAN
1999-11-01T00:00:00Z,61.00133,ppt,MEAN
1999-12-01T00:00:00Z,47.940292,ppt,MEAN
2000-01-01T00:00:00Z,124.71055,ppt,MEAN
2000-02-01T00:00:00Z,61.791344,ppt,MEAN
2000-03-01T00:00:00Z,78.77004,ppt,MEAN
2000-04-01T00:00:00Z,148.36469,ppt,MEAN
2000-05-01T00:00:00Z,63.25266,ppt,MEAN
2000-06-01T00:00:00Z,114.464226,ppt,MEAN
2000-07-01T00:00:00Z,154.92984,ppt,MEAN
2000-08-01T00:00:00Z,125.58027,ppt,MEAN
2000-09-01T00:00:00Z,108.7014,ppt,MEAN
2000-10-01T00:00:00Z,4.6618423,ppt,MEAN
2000-11-01T00:00:00Z,56.67002,ppt,MEAN
2000-12-01T00:00:00Z,36.056282,ppt,MEAN
2001-01-01T00:00:00Z,62.814415,ppt,MEAN
2001-02-01T00:00:00Z,70.608215,ppt,MEAN
2001-03-01T00:00:00Z,160.83212,ppt,MEAN
2001-04-01T00:00:00Z,64.926445,ppt,MEAN
2001-05-01T00:00:00Z,91.94572,ppt,MEAN
2001-06-01T00:00:00Z,151.48903,ppt,MEAN
2001-07-01T00:00:00Z,136.39697,ppt,MEAN
2001-08-01T00:00:00Z,112.92668,ppt,MEAN
2001-09-01T00:00:00Z,66.42598,ppt,MEAN
2001-10-01T00:00:00Z,37.07026,ppt,MEAN
2001-11-01T00:00:00Z,13.743108,ppt,MEAN
2001-12-01T00:00:00Z,43.158596,ppt,MEAN
2002-01-01T00:00:00Z,129.47208,ppt,MEAN
2002-02-01T00:00:00Z,31.257877,ppt,MEAN
2002-03-01T00:00:00Z,85.79001,ppt,MEAN
2002-04-01T00:00:00Z,38.81809,ppt,MEAN
2002-05-01T00:00:00Z,43.415718,ppt,MEAN
2002-06-01T00:00:00Z,79.105034,ppt,MEAN
2002-07-01T00:00:00Z,108.64563,ppt,MEAN
2002-08-01T00:00:00Z,134.55371,ppt,MEAN
2002-09-01T00:00:00Z,103.166176,ppt,MEAN
2002-10-01T00:00:00Z,236.81326,ppt,MEAN
2002-11-01T00:00:00Z,90.41037,ppt,MEAN
2002-12-01T00:00:00Z,132.29466,ppt,MEAN
2003-01-01T00:00:00Z,60.198616,ppt,MEAN
2003-02-01T00:00:00Z,147.115,ppt,MEAN
2003-03-01T00:00:00Z,185.3195,ppt,MEAN
2003-04-01T00:00:00Z,161.22841,ppt,MEAN
2003-05-01T00:00:00Z,140.52788,ppt,MEAN
2003-06-01T00:00:00Z,121.18879,ppt,MEAN
2003-07-01T00:00:00Z,154.70168,ppt,MEAN
2003-08-01T00:00:00Z,176.18462,ppt,MEAN
2003-09-01T00:00:00Z,139.96994,ppt,MEAN
2003-10-01T00:00:00Z,72.22943,ppt,MEAN
2003-11-01T00:00:00Z,46.90271,ppt,MEAN
2003-12-01T00:00:00Z,96.857346,ppt,MEAN
2004-01-01T00:00:00Z,36.27915,ppt,MEAN
2004-02-01T00:00:00Z,70.994774,ppt,MEAN
2004-03-01T00:00:00Z,55.729195,ppt,MEAN
2004-04-01T00:00:00Z,59.152313,ppt,MEAN
2004-05-01T00:00:00Z,89.47118,ppt,MEAN
2004-06-01T00:00:00Z,93.3739,ppt,MEAN
2004-07-01T00:00:00Z,133.22398,ppt,MEAN
2004-08-01T00:00:00Z,209.47821,ppt,MEAN
2004-09-01T00:00:00Z,112.77192,ppt,MEAN
2004-10-01T00:00:00Z,60.15809,ppt,MEAN
2004-11-01T00:00:00Z,96.35644,ppt,MEAN
2004-12-01T00:00:00Z,53.940624,ppt,MEAN
2005-01-01T00:00:00Z,90.40871,ppt,MEAN
2005-02-01T00:00:00Z,64.91102,ppt,MEAN
2005-03-01T00:00:00Z,117.695755,ppt,MEAN
2005-04-01T00:00:00Z,56.72782,ppt,MEAN
2005-05-01T00:00:00Z,56.874336,ppt,MEAN
2005-06-01T00:00:00Z,73.81064,ppt,MEAN
2005-07-01T00:00:00Z,113.20876,ppt,MEAN
2005-08-01T00:00:00Z,77.6872,ppt,MEAN
2005-09-01T00:00:00Z,27.153196,ppt,MEAN
2005-10-01T00:00:00Z,79.07874,ppt,MEAN
2005-11-01T00:00:00Z,122.761284,ppt,MEAN
2005-12-01T00:00:00Z,120.84185,ppt,MEAN
2006-01-01T00:00:00Z,60.90197,ppt,MEAN
2006-02-01T00:00:00Z,50.854656,ppt,MEAN
2006-03-01T00:00:00Z,39.942493,ppt,MEAN
2006-04-01T00:00:00Z,106.235435,ppt,MEAN
2006-05-01T00:00:00Z,61.949814,ppt,MEAN
2006-06-01T00:00:00Z,187.87932,ppt,MEAN
2006-07-01T00:00:00Z,115.43476,ppt,MEAN
2006-08-01T00:00:00Z,83.20525,ppt,MEAN
2006-09-01T00:00:00Z,132.26909,ppt,MEAN
2006-10-01T00:00:00Z,108.37513,ppt,MEAN
2006-11-01T00:00:00Z,188.07356,ppt,MEAN
2006-12-01T00:00:00Z,76.48902,ppt,MEAN
2007-01-01T00:00:00Z,87.146996,ppt,MEAN
2007-02-01T00:00:00Z,56.547993,ppt,MEAN
2007-03-01T00:00:00Z,93.1856,ppt,MEAN
2007-04-01T00:00:00Z,98.48229,ppt,MEAN
2007-05-01T00:00:00Z,57.5704,ppt,MEAN
2007-06-01T00:00:00Z,90.066795,ppt,MEAN
2007-07-01T00:00:00Z,65.60882,ppt,MEAN
2007-08-01T00:00:00Z,27.133411,ppt,MEAN
2007-09-01T00:00:00Z,32.143642,ppt,MEAN
2007-10-01T00:00:00Z,134.01729,ppt,MEAN
2007-11-01T00:00:00Z,26.277143,ppt,MEAN
2007-12-01T00:00:00Z,108.79865,ppt,MEAN
2008-01-01T00:00:00Z,38.22407,ppt,MEAN
2008-02-01T00:00:00Z,77.171394,ppt,MEAN
2008-03-01T00:00:00Z,135.60417,ppt,MEAN
2008-04-01T00:00:00Z,123.53255,ppt,MEAN
2008-05-01T00:00:00Z,90.34104,ppt,MEAN
2008-06-01T00:00:00Z,83.24969,ppt,MEAN
2008-07-01T00:00:00Z,119.47951,ppt,MEAN
2008-08-01T00:00:00Z,152.39389,ppt,MEAN
2008-09-01T00:00:00Z,202.19075,ppt,MEAN
2008-10-01T00:00:00Z,25.00052,ppt,MEAN
2008-11-01T00:00:00Z,88.44993,ppt,MEAN
2008-12-01T00:00:00Z,99.466805,ppt,MEAN
2009-01-01T00:00:00Z,65.37028,ppt,MEAN
2009-02-01T00:00:00Z,45.769382,ppt,MEAN
2009-03-01T00:00:00Z,150.20619,ppt,MEAN
2009-04-01T00:00:00Z,42.16257,ppt,MEAN
2009-05-01T00:00:00Z,98.39917,ppt,MEAN
2009-06-01T00:00:00Z,142.36282,ppt,MEAN
2009-07-01T00:00:00Z,68.30648,ppt,MEAN
2009-08-01T00:00:00Z,72.33885,ppt,MEAN
2009-09-01T00:00:00Z,91.89529,ppt,MEAN
2009-10-01T00:00:00Z,70.9763,ppt,MEAN
2009-11-01T00:00:00Z,197.74806,ppt,MEAN
2009-12-01T00:00:00Z,182.35347,ppt,MEAN
2010-01-01T00:00:00Z,108.261055,ppt,MEAN
2010-02-01T00:00:00Z,96.20269,ppt,MEAN
2010-03-01T00:00:00Z,80.13084,ppt,MEAN
2010-04-01T00:00:00Z,29.37158,ppt,MEAN
2010-05-01T00:00:00Z,163.50536,ppt,MEAN
2010-06-01T00:00:00Z,68.95262,ppt,MEAN
2010-07-01T00:00:00Z,94.670105,ppt,MEAN
2010-08-01T00:00:00Z,85.95911,ppt,MEAN
2010-09-01T00:00:00Z,145.82262,ppt,MEAN
2010-10-01T00:00:00Z,62.70303,ppt,MEAN
2010-11-01T00:00:00Z,44.25664,ppt,MEAN
2010-12-01T00:00:00Z,48.144577,ppt,MEAN
2011-01-01T00:00:00Z,32.834415,ppt,MEAN
2011-02-01T00:00:00Z,37.76646,ppt,MEAN
2011-03-01T00:00:00Z,115.408775,ppt,MEAN
2011-04-01T00:00:00Z,77.85373,ppt,MEAN
2011-05-01T00:00:00Z,129.42552,ppt,MEAN
2011-06-01T00:00:00Z,65.72323,ppt,MEAN
2011-07-01T00:00:00Z,98.045265,ppt,MEAN
2011-08-01T00:00:00Z,102.332275,ppt,MEAN
2011-09-01T00:00:00Z,135.77638,ppt,MEAN
2011-10-01T00:00:00Z,80.990776,ppt,MEAN
2011-11-01T00:00:00Z,108.116936,ppt,MEAN
2011-12-01T00:00:00Z,59.170082,ppt,MEAN
2012-01-01T00:00:00Z,49.560993,ppt,MEAN
2012-02-01T00:00:00Z,57.48914,ppt,MEAN
2012-03-01T00:00:00Z,113.550446,ppt,MEAN
2012-04-01T00:00:00Z,59.93083,ppt,MEAN
2012-05-01T00:00:00Z,129.63683,ppt,MEAN
2012-06-01T00:00:00Z,70.37006,ppt,MEAN
2012-07-01T00:00:00Z,136.81114,ppt,MEAN
2012-08-01T00:00:00Z,89.5356,ppt,MEAN
2012-09-01T00:00:00Z,208.2699,ppt,MEAN
2012-10-01T00:00:00Z,62.321304,ppt,MEAN
2012-11-01T00:00:00Z,11.639051,ppt,MEAN
2012-12-01T00:00:00Z,85.750946,ppt,MEAN
2013-01-01T00:00:00Z,83.73259,ppt,MEAN
2013-02-01T00:00:00Z,97.2334,ppt,MEAN
