date,Fpar_500m_med,Fpar_500m_mean,Fpar_500m_std,Fpar_500m_cnt,Fpar_500m_ax,Fpar_500m_min
2000_02_26,43,43.79628,4.9208726,163,66,27
2000_03_05,46,45.8268915,3.8094553,163,63,35
2000_03_13,50,49.8407583,5.8507283,163,64,34
2000_03_21,48,47.8937041,4.8896668,163,56,32
2000_03_29,48,48.6884856,4.7550168,163,67,33
2000_04_06,60,60.1300811,4.2648849,163,78,45
2000_04_14,69,72.1716338,8.9317821,163,89,53
2000_04_22,59,57.8168066,24.0584901,163,100,12
2000_04_30,85,83.3836786,7.3495089,163,94,60
2000_05_08,89,86.7790595,6.5941132,163,94,58
2000_05_16,84,82.0612706,6.7021894,163,92,54
2000_05_24,90,87.7903575,7.6652017,163,94,58
2000_06_01,89,86.0979711,7.6579753,163,94,59
2000_06_09,88,86.1161668,6.1893054,163,95,59
2000_06_17,90,86.0386271,10.57547,163,100,28
2000_06_25,89,87.3326832,7.2188388,163,94,51
2000_07_03,85,81.8716314,8.735033,163,94,54
2000_07_11,89,81.8294127,16.7875003,163,94,14
2000_07_19,83,80.8155698,6.4091317,163,88,60
2000_07_27,59,61.719882,21.7516252,163,100,11
2000_08_04,21,29.7828176,25.8778475,163,100,4
2000_08_12,32,38.8728683,25.7485079,163,100,4
2000_08_20,87,83.8612849,6.6373847,163,93,62
2000_08_28,66,61.9793069,27.5488186,163,100,9
2000_09_05,57,57.0041862,18.8550235,163,100,24
2000_09_13,86,83.8305782,7.1172043,163,95,50
2000_09_21,63,65.2796423,9.7558089,163,92,44
2000_09_29,81,79.4640963,6.5261657,163,89,53
2000_10_07,77,77.2099517,5.8855047,163,89,56
2000_10_15,63,63.6057846,5.6960671,163,85,43
2000_10_23,60,60.1724663,4.5896788,163,86,44
2000_10_31,55,55.2058845,4.3893808,163,80,42
2000_11_08,52,51.6263587,4.5026412,163,74,33
2000_11_16,50,48.9779036,4.4587428,163,67,31
2000_11_24,47,48.23671,4.7961807,163,67,29
2000_12_02,47,47.6141094,4.7479827,163,72,32
2000_12_10,46,45.3414599,5.1798618,163,66,28
2000_12_18,47,46.387508,4.9750554,163,75,29
2000_12_26,41,40.5893728,4.7453502,163,61,29
2001_01_01,45,44.7481864,5.0279358,163,71,29
2001_01_09,47,45.1905668,4.6361781,163,71,29
2001_01_17,47,46.5295055,5.0205869,163,75,33
2001_01_25,46,46.0349404,4.9393247,163,77,29
2001_02_02,44,44.2271008,5.2088455,163,79,30
2001_02_10,43,42.9539519,4.813078,163,73,29
2001_02_18,42,41.1099113,4.4229597,163,71,31
2001_02_26,43,41.7887163,3.8901801,163,51,26
2001_03_06,44,44.2404205,4.4454193,163,62,27
2001_03_14,38,37.2445354,5.2404131,163,71,23
2001_03_22,43,43.9822325,3.6125438,163,54,31
2001_03_30,45,44.8683253,4.2731283,163,78,33
2001_04_07,52,51.1542706,6.6533848,163,63,36
2001_04_15,67,67.3266418,6.2283265,163,87,46
2001_04_23,85,83.5025569,8.0613637,163,94,54
2001_05_01,86,85.0620555,7.845592,163,94,54
2001_05_09,89,82.3857955,13.3494254,163,100,44
2001_05_17,85,82.7672145,7.4725891,163,93,53
2001_05_25,88,83.3420783,11.9694305,163,94,45
2001_06_02,88,83.5282449,11.9508384,163,100,50
2001_06_10,90,85.6250743,12.6766727,163,93,28
2001_07_04,90,84.4288942,12.2475501,163,94,43
2001_07_12,86,85.1707062,7.8584814,163,94,50
2001_07_20,83,80.9656542,11.1751258,163,94,36
2001_07_28,41,49.5952715,30.2349601,163,100,5
2001_08_05,89,88.064767,4.4431242,163,94,68
2001_08_13,86,84.2969103,7.0267551,163,91,21
2001_08_21,89,88.416407,3.7830233,163,94,64
2001_08_29,70,68.2712937,19.8493953,163,100,31
2001_09_06,87,84.8076017,6.7246037,163,93,53
2001_09_14,86,83.2330471,7.4017788,163,94,55
2001_09_22,88,85.7610779,5.1664237,163,91,64
2001_09_30,87,84.2543348,6.4929253,163,91,58
2001_10_08,84,79.9343291,8.3378634,163,91,54
2001_10_16,66,66.578384,6.0674692,163,88,49
2001_10_24,62,61.6324715,5.2917871,163,86,46
2001_11_01,59,58.302809,5.0496425,163,81,40
2001_11_09,53,53.8335514,4.3318531,163,80,43
2001_11_17,52,51.0149133,4.3789845,163,79,39
2001_11_25,47,48.0611755,4.8851232,163,73,32
2001_12_03,46,44.7957092,5.1968514,163,70,30
2001_12_11,43,41.022144,6.2601583,163,63,23
2001_12_19,46,44.9345432,5.1842052,163,68,28
2001_12_27,37,39.07019,5.2530888,163,72,28
2002_01_01,27,27.5164237,5.2060411,163,66,9
2002_01_09,47,44.9011964,5.0828878,163,75,29
2002_01_17,35,35.4467569,4.7359182,163,70,23
2002_01_25,47,45.6453631,4.7956078,163,73,28
2002_02_02,42,41.9600647,4.983899,163,77,29
2002_02_10,47,46.7302048,4.8563853,163,73,29
2002_02_18,43,43.9724806,4.2697006,163,76,33
2002_02_26,43,42.984278,3.9243285,163,53,28
2002_03_06,43,43.2853983,3.7336014,163,57,26
2002_03_14,43,43.1969412,3.787935,163,57,26
2002_03_22,2,2.7066099,1.9519425,163,11,1
2002_03_30,47,46.5868516,3.8183371,163,61,33
2002_04_07,48,47.1667103,4.5148206,163,66,35
2002_04_15,61,60.936232,4.6379232,163,90,51
2002_04_23,86,82.845325,7.4134092,163,94,54
2002_05_01,90,86.6045477,7.9623819,163,94,57
2002_05_09,88,86.1270842,7.5384121,163,94,57
2002_05_17,89,86.3208858,7.349473,163,94,58
2002_05_25,89,85.8291749,8.6671593,163,95,58
2002_06_02,88,85.7392432,7.9900292,163,94,57
2002_06_10,86,84.38972,8.9014578,163,94,53
2002_06_18,85,80.166853,11.4450973,163,94,44
2002_06_26,88,85.7605547,5.9998745,163,100,58
2002_07_04,86,80.8949647,18.1130021,163,100,35
2002_07_12,83,80.5245106,8.7060468,163,92,35
2002_07_20,86,73.0059225,22.6721159,163,100,9
2002_07_28,89,87.6642961,6.4599683,163,94,61
2002_08_05,90,88.2000571,5.4576268,163,94,66
2002_08_13,87,84.1309136,7.9030407,163,94,60
2002_08_21,90,86.0577742,9.9726941,163,94,46
2002_08_29,87,84.0609852,6.7608587,163,89,58
2002_09_06,87,86.1637847,5.2776357,163,94,66
2002_09_14,87,74.1527722,17.7449128,163,89,27
2002_09_22,88,78.0431225,17.9611241,163,100,26
2002_09_30,85,82.0646719,8.0979968,163,91,48
2002_10_08,73,68.1497277,20.674559,163,89,22
2002_10_16,80,78.1781985,8.8151376,163,90,53
2002_10_24,9,23.5209666,26.6945494,163,100,5
2002_11_01,73,72.0692624,5.9022167,163,90,42
2002_11_09,61,56.8391171,7.7560135,163,68,31
2002_11_17,52,52.0812501,5.3805185,163,78,37
2002_11_25,48,48.5590943,4.461536,163,72,37
2002_12_03,35,35.392051,4.1466675,163,57,23
2002_12_11,47,47.2430607,5.28192,163,71,29
2002_12_19,48,49.0852461,6.2599058,163,78,32
2002_12_27,46,45.8409723,4.9142751,163,65,28
2003_01_01,43,42.530885,4.950179,163,65,29
2003_01_09,42,41.8545537,5.0493518,163,72,28
2003_01_17,43,43.1493709,5.0797398,163,77,30
2003_01_25,41,39.4178817,5.995419,163,80,25
2003_02_02,45,44.3843446,4.4144334,163,70,30
2003_02_10,44,44.4032062,4.9708624,163,78,32
2003_02_18,38,34.2328806,9.9863846,163,49,11
2003_02_26,29,30.8070071,19.1686211,163,100,3
2003_03_06,44,44.1257522,3.1603489,163,57,32
2003_03_14,22,22.2784054,2.4134692,163,33,19
2003_03_22,44,44.2070975,3.8826068,163,60,32
2003_03_30,48,47.766501,3.7732406,163,59,33
2003_04_07,52,52.3691459,4.388266,163,77,41
2003_04_15,63,64.4720643,7.744606,163,89,45
2003_04_23,78,76.7664058,8.2680178,163,90,55
2003_05_01,86,83.3021906,6.7541359,163,90,56
2003_05_09,82,79.1468259,8.8653937,163,88,49
2003_05_17,69,68.0416241,11.6958359,163,93,29
2003_05_25,84,80.6621792,8.8670195,163,92,35
2003_06_02,90,85.9699355,12.4813233,163,94,36
2003_06_10,83,75.5408748,17.2171812,163,98,20
2003_06_18,90,83.9001261,10.6183116,163,94,52
2003_06_26,84,82.7647884,9.7680734,163,96,34
2003_07_04,89,87.2642533,6.2105589,163,94,63
2003_07_12,82,78.8252741,9.3579742,163,100,43
2003_07_20,87,72.8799087,22.7013314,163,94,23
2003_07_28,55,60.4311538,25.8244565,163,100,10
2003_08_05,73,62.6212687,29.602906,163,100,15
2003_08_13,77,69.1997954,21.7192939,163,100,15
2003_08_21,88,87.0233095,4.1703805,163,94,68
2003_08_29,86,83.0058749,7.9879232,163,93,58
2003_09_06,87,81.9338059,11.3714764,163,91,25
2003_09_14,88,84.8094332,6.6996281,163,91,58
2003_09_22,88,85.3576339,5.4718974,163,89,63
2003_09_30,84,81.47763,6.6942721,163,89,58
2003_10_08,76,74.9976928,6.2192554,163,87,56
2003_10_16,73,71.9242204,5.5049378,163,87,54
2003_10_24,62,61.5277216,4.7260612,163,85,46
2003_11_01,54,54.2756464,5.6498971,163,80,43
2003_11_09,52,52.8466332,6.1446917,163,74,38
2003_11_17,52,51.7664534,5.0710634,163,69,37
2003_11_25,51,49.7423352,3.7787327,163,72,42
2003_12_03,51,50.0607711,4.6985855,163,72,33
2003_12_11,45,44.2400875,5.4013658,163,70,28
2003_12_19,46,45.3861761,4.6574641,163,66,29
2003_12_27,49,48.9711486,4.6255797,163,78,37
2004_01_01,49,48.3611541,4.4988195,163,71,35
2004_01_09,47,46.7111291,5.0385469,163,80,30
2004_01_17,49,49.1335062,4.5372485,163,77,37
2004_01_25,42,41.7145779,4.6043752,163,53,20
2004_02_02,46,43.9531194,5.4655794,163,63,28
2004_02_10,36,36.9003639,4.8938139,163,72,23
2004_02_18,46,45.1713008,4.3474819,163,71,31
2004_02_26,44,43.9182979,3.3363856,163,57,33
2004_03_05,46,45.9716956,4.396338,163,84,35
2004_03_13,46,45.2819494,3.2721076,163,60,35
2004_03_21,44,44.9693885,4.621876,163,71,33
2004_03_29,47,45.8654473,5.0483454,163,54,24
2004_04_06,46,45.4559618,3.2060718,163,59,33
2004_04_14,50,53.3739029,7.4002176,163,85,39
2004_04_22,87,84.6581357,6.7359337,163,92,56
2004_04_30,87,85.1015865,6.0911008,163,94,58
2004_05_08,87,84.6762838,8.1856677,163,100,57
2004_05_16,86,81.7304426,12.1654848,163,100,39
2004_05_24,88,85.2785719,8.8694302,163,100,52
2004_06_01,84,81.650453099999993,8.7715645,163,93,23
2004_06_09,37,41.8007516,14.0527201,163,92,26
2004_06_17,90,85.3850106,9.9176253,163,100,49
2004_06_25,90,89.5044835,5.6336859,163,95,65
2004_07_03,90,87.8599529,7.9924265,163,95,58
2004_07_11,90,87.191542,7.5990356,163,95,48
2004_07_19,91,87.5231073,11.4558721,163,94,23
2004_07_27,80,72.3995909,20.6825985,163,100,21
2004_08_04,89,87.4773684,4.9701961,163,95,60
2004_08_12,88,85.058012,7.8886879,163,100,49
2004_08_20,67,70.1114573,11.7195868,163,100,41
2004_08_28,49,53.2913684,26.4208592,163,100,12
2004_09_05,87,83.6317817,7.0498513,163,90,41
2004_09_13,88,77.8097662,15.6973929,163,93,42
2004_09_21,88,84.5110482,7.223884,163,91,57
2004_09_29,88,85.4173584,5.2648833,163,93,67
2004_10_07,85,79.7395286,9.3073126,163,88,50
2004_10_15,80,78.0466189,8.9027178,163,90,47
2004_10_23,11,15.0355826,12.0578948,163,89,3
2004_10_31,63,62.4717789,4.3095529,163,77,43
2004_11_08,59,58.2801418,5.0379567,163,77,42
2004_11_16,51,50.376662,4.6728173,163,67,32
2004_11_24,47,47.1043456,5.9573364,163,69,28
2004_12_02,51,50.2864448,4.7712631,163,72,38
2004_12_10,47,46.5464881,5.4753012,163,75,28
2004_12_18,47,47.885403,5.0011704,163,74,29
2004_12_26,47,46.9103061,5.2898237,163,71,29
2005_01_01,46,46.4992508,5.5217314,163,66,28
2005_01_09,12,16.3060914,9.5305796,163,36,5
2005_01_17,45,44.3267369,5.2124715,163,64,26
2005_01_25,36,37.4485408,6.2304231,163,57,16
2005_02_02,47,46.3902433,5.2692923,163,74,27
2005_02_10,47,46.3519254,5.3986824,163,63,28
2005_02_18,46,44.7492091,5.0373889,163,72,30
2005_02_26,38,36.8856647,4.6984654,163,56,21
2005_03_06,43,43.5419927,3.6844156,163,58,29
2005_03_14,41,39.5824275,3.9136585,163,56,26
2005_03_22,42,42.8303404,5.319121,163,73,28
2005_03_30,44,44.4484456,4.3906411,163,59,33
2005_04_07,49,49.1921842,3.6527032,163,62,37
2005_04_15,72,71.9089028,9.1876036,163,89,46
2005_04_23,82,77.6459101,9.5813491,163,94,44
2005_05_01,86,83.2167543,7.9940934,163,94,50
2005_05_09,88,84.9561401,8.8282869,163,93,51
2005_05_17,86,84.052042,7.8178239,163,95,54
2005_05_25,80,75.6671265,14.257806,163,92,37
2005_06_02,69,66.3904098,26.6436936,163,100,10
2005_06_10,89,86.8754371,7.1761416,163,96,49
2005_06_18,90,85.7606022,9.0564616,163,94,46
2005_06_26,90,86.2581643,8.3372585,163,94,60
2005_07_04,89,85.4543681,11.3986079,163,95,41
2005_07_12,69,69.1472302,15.1278691,163,100,30
2005_07_20,90,88.0782056,6.8899557,163,94,53
2005_07_28,90,86.5967462,9.433628,163,95,38
2005_08_05,88,79.2901315,18.2913758,163,100,19
2005_08_13,90,87.741146,6.2489353,163,94,65
2005_08_21,88,75.0574412,19.5644643,163,95,18
2005_08_29,88,85.7032086,6.9178247,163,94,61
2005_09_06,88,83.5195871,9.5617901,163,94,57
2005_09_14,89,85.3108246,6.94906,163,91,59
2005_09_22,85,80.2073353,9.5928912,163,89,51
2005_09_30,87,82.446971,9.1100266,163,96,47
2005_10_08,85,80.1963466,10.4157398,163,92,50
2005_10_16,83,79.9109245,7.8702786,163,90,54
2005_10_24,77,76.5788597,7.3918361,163,90,53
2005_11_01,72,70.0637205,6.8390793,163,85,46
2005_11_09,61,60.8352877,5.1206601,163,81,38
2005_11_17,55,55.679138,5.5225561,163,76,34
2005_11_25,52,52.5204434,4.6618259,163,78,36
2005_12_03,41,40.5198487,7.0206515,163,68,23
2005_12_11,42,42.6874866,6.6178378,163,72,29
2005_12_19,47,48.188331,4.8723709,163,71,29
2005_12_27,47,45.2265062,5.3592109,163,68,26
2006_01_01,47,47.236496,5.2240984,163,74,32
2006_01_09,45,43.5305045,5.5277129,163,68,26
2006_01_17,46,44.6437695,5.6764481,163,66,22
2006_01_25,46,44.8467283,5.4119749,163,75,26
2006_02_02,49,48.4954214,4.9819502,163,74,29
2006_02_10,49,48.1012535,4.8497544,163,71,30
2006_02_18,43,43.4787955,3.9249614,163,59,26
2006_02_26,43,42.9041695,4.6964062,163,74,27
2006_03_06,46,45.3911472,3.9405419,163,60,29
2006_03_14,47,47.3645553,3.8556611,163,56,28
2006_03_22,47,47.1661394,3.6543103,163,59,35
2006_03_30,46,46.1875461,4.485229,163,62,32
2006_04_07,51,51.2485788,4.7663382,163,85,34
2006_04_15,70,71.2881098,8.8856639,163,89,45
2006_04_23,77,76.2648717,9.2541167,163,93,52
2006_05_01,86,83.199296,8.7217258,163,93,51
2006_05_09,85,79.0163642,16.1288612,163,97,10
2006_05_17,89,86.9038841,7.0381495,163,95,53
2006_05_25,86,84.7614109,7.6365559,163,99,39
2006_06_02,85,83.7787265,8.0765421,163,100,35
2006_06_10,88,81.1018005,15.2272114,163,100,9
2006_06_18,90,83.681136,15.8196819,163,100,29
2006_06_26,91,87.0569893,10.0069079,163,97,52
2006_07_04,91,88.0937136,7.3426126,163,98,59
2006_07_12,71,70.2777157,15.8708396,163,99,35
2006_07_20,88,85.3738078,10.8293105,163,100,34
2006_07_28,91,89.3958328,5.3075889,163,94,64
2006_08_05,38,41.9314987,12.5850937,163,87,13
2006_08_13,85,73.1077706,18.5753255,163,94,28
2006_08_21,89,85.0781343,8.0140971,163,94,57
2006_08_29,88,81.4674976,14.195582,163,100,41
2006_09_06,87,85.1795305,5.0731114,163,91,52
2006_09_14,88,85.798492,6.400752,163,94,61
2006_09_22,88,86.0325619,5.8988296,163,91,59
2006_09_30,88,84.6766406,6.5216773,163,90,59
2006_10_08,87,83.6796613,6.8286039,163,90,57
2006_10_16,70,70.9211759,7.6288436,163,89,45
2006_10_24,64,66.0743524,7.5245793,163,92,46
2006_11_01,59,58.7235449,4.4307307,163,80,44
2006_11_09,51,49.8813596,4.5547014,163,77,29
2006_11_17,50,49.283543,4.8827881,163,73,35
2006_11_25,47,48.5071474,5.0604758,163,75,29
2006_12_03,49,48.9350189,4.7047895,163,73,33
2006_12_11,50,50.1208525,4.8896514,163,77,35
2006_12_19,40,39.2705801,4.0968,163,50,18
2006_12_27,47,45.6364436,5.1066609,163,77,27
2007_01_01,47,45.9647028,5.0594419,163,76,29
2007_01_09,47,48.0222154,4.4748535,163,72,27
2007_01_17,35,34.5604976,5.3576094,163,54,9
2007_01_25,47,47.8465381,5.1236361,163,74,29
2007_02_02,46,44.3469543,5.7568965,163,79,27
2007_02_10,47,46.6552339,5.1496408,163,67,22
2007_02_18,45,44.6170825,4.780216,163,77,27
2007_02_26,46,45.5764337,4.2546001,163,76,28
2007_03_06,45,44.2510287,4.0703013,163,58,25
2007_03_14,44,44.3820612,3.7236686,163,62,32
2007_03_22,44,44.6982851,3.1775588,163,57,33
2007_03_30,54,54.3692886,4.9721873,163,74,42
2007_04_07,61,61.0449064,5.5628105,163,89,42
2007_04_15,66,66.7621958,8.5307493,163,90,46
2007_04_23,68,69.1733701,9.4159528,163,94,48
2007_05_01,86,83.0196703,6.9551344,163,90,54
2007_05_09,90,85.6829437,10.0306505,163,94,45
2007_05_17,89,85.0993507,9.3115618,163,94,58
2007_05_25,86,84.1331018,7.1890742,163,93,57
2007_06_02,83,80.1011346,12.6929268,163,100,44
2007_06_10,82,79.2297172,10.479228,163,100,45
2007_06_18,87,84.8561473,8.0813313,163,100,55
2007_06_26,91,88.7743976,7.4228565,163,94,57
2007_07_04,87,84.2767167,8.1341457,163,99,58
2007_07_12,83,79.681802,8.201231,163,94,56
2007_07_20,87,83.0292795,11.8940016,163,100,42
2007_07_28,87,80.9716719,15.610962,163,100,30
2007_08_05,90,87.0484742,7.0012446,163,94,65
2007_08_13,90,85.9541898,9.3850915,163,94,57
2007_08_21,87,82.886735,10.5438082,163,96,48
2007_08_29,86,81.9941964,8.7889169,163,90,47
2007_09_06,85,81.4375045,9.4597646,163,93,57
2007_09_14,88,83.4855029,9.5396465,163,95,55
2007_09_22,89,85.3518065,7.7570907,163,92,59
2007_09_30,75,74.7838879,14.6318928,163,92,29
2007_10_08,87,82.6150608,7.9837427,163,89,55
2007_10_16,76,73.9651547,10.4930432,163,89,48
2007_10_24,70,69.8913018,6.8173893,163,87,38
2007_11_01,68,68.1281545,5.8253658,163,86,48
2007_11_09,66,66.0555622,4.4782671,163,85,47
2007_11_17,53,54.0080632,4.9044236,163,82,37
2007_11_25,49,48.2834003,5.4811616,163,66,28
2007_12_03,49,48.4373617,4.9754412,163,74,27
2007_12_11,52,50.3387722,4.4992629,163,69,36
2007_12_19,47,46.7351759,4.8684296,163,78,30
2007_12_27,50,49.24092,4.8087125,163,73,33
2008_01_01,46,46.7298718,5.0571278,163,72,27
2008_01_09,49,48.3790643,5.0122662,163,74,32
2008_01_17,43,43.0436458,5.1236948,163,73,27
2008_01_25,47,48.0870775,4.4953964,163,77,36
2008_02_02,40,40.2172062,5.8292605,163,73,27
2008_02_10,46,45.0668363,5.1701087,163,78,27
2008_02_18,46,44.7262327,5.2000732,163,62,25
2008_02_26,46,46.3293771,3.5795956,163,54,29
2008_03_05,43,44.0886473,3.7966787,163,60,32
2008_03_13,47,47.0220726,5.8227937,163,75,32
2008_03_21,47,46.9351378,3.4557036,163,54,33
2008_03_29,2,2.0588921,1.3311894,163,11,1
2008_04_06,47,48.8350736,7.3662207,163,80,33
2008_04_14,57,56.7412649,4.2629164,163,89,41
2008_04_22,84,79.3209809,9.0147357,163,93,37
2008_04_30,86,83.7799396,9.1560795,163,94,52
2008_05_08,84,81.1173085,8.6426629,163,91,53
2008_05_16,85,83.437552,8.6883643,163,100,53
2008_05_24,88,86.4429275,5.2348223,163,93,60
2008_06_01,85,83.7189306,9.0717383,163,100,55
2008_06_09,88,86.6000523,7.2762288,163,94,43
2008_06_17,91,87.1815047,9.3512631,163,94,54
2008_06_25,87,84.5525296,6.6596837,163,93,56
2008_07_03,90,85.9214851,13.415945,163,95,27
2008_07_11,89,86.502771,7.3195044,163,94,53
2008_07_19,67,72.4418334,15.607661,163,94,42
2008_07_27,88,86.923721,6.6838231,163,94,62
2008_08_04,88,82.9927931,11.9721345,163,94,39
2008_08_12,87,86.3283543,6.3054951,163,94,59
2008_08_20,54,58.0318483,12.9986377,163,93,24
2008_08_28,87,84.5607354,6.7526702,163,90,63
2008_09_05,48,48.5252955,7.185618,163,90,37
2008_09_13,70,70.3823704,13.6309023,163,100,37
2008_09_21,88,83.8553386,8.8261678,163,90,21
2008_09_29,87,83.505649,7.2051761,163,90,62
2008_10_07,86,82.4470899,8.1115942,163,88,56
2008_10_15,78,76.3926218,7.3605827,163,94,51
2008_10_23,72,71.3714768,6.5925548,163,87,48
2008_10_31,67,66.6602526,4.7006277,163,84,45
2008_11_08,53,52.9151345,4.1008037,163,70,33
2008_11_16,47,48.2901791,4.7405254,163,72,29
2008_11_24,51,49.6520229,4.3951136,163,68,31
2008_12_02,46,46.9984777,6.048806,163,79,26
2008_12_10,46,46.1820517,5.3429138,163,66,26
2008_12_18,39,38.7237114,6.7470383,163,62,22
2008_12_26,47,46.6741907,5.3063406,163,69,29
2009_01_01,43,41.6309017,6.1766986,163,64,14
2009_01_09,47,46.5318602,5.0460486,163,69,29
2009_01_17,45,44.4670932,5.3605661,163,68,27
2009_01_25,47,46.7396951,5.0843463,163,72,29
2009_02_02,47,46.4854792,5.1378967,163,72,26
2009_02_10,47,47.3514497,5.1359771,163,75,27
2009_02_18,42,41.4425945,4.6954925,163,72,25
2009_02_26,43,42.0989463,3.388814,163,49,27
2009_03_06,47,45.919178,3.8418528,163,60,28
2009_03_14,48,48.3669576,5.0061801,163,71,32
2009_03_22,43,43.6398925,4.8503597,163,80,30
2009_03_30,49,48.7479723,3.9725052,163,59,33
2009_04_07,51,50.9848251,6.0086818,163,71,32
2009_04_15,59,59.4099374,6.0112745,163,87,40
2009_04_23,85,79.8431844,8.4400234,163,94,51
2009_05_01,72,71.2597817,19.4918335,163,100,27
2009_05_09,84,81.8499156,7.8970473,163,94,48
2009_05_17,91,81.6066408,16.1167174,163,100,37
2009_05_25,84,80.8495588,11.5612842,163,94,44
2009_06_02,92,86.787313,10.8983858,163,95,43
2009_06_10,44,44.0796328,15.8612439,163,90,4
2009_06_18,76,71.5608306,23.0851241,163,100,23
2009_06_26,88,85.8035107,7.2946823,163,95,55
2009_07_04,90,79.3026187,15.9797616,163,94,45
2009_07_12,86,85.0915253,6.442378,163,95,55
2009_07_20,70,73.8967486,15.6576581,163,100,42
2009_07_28,89,86.8794092,6.8985268,163,95,53
2009_08_05,91,86.1035844,10.9137156,163,94,45
2009_08_13,57,58.0406013,16.5611199,163,100,19
2009_08_21,37,38.8330757,12.0239138,163,100,14
2009_08_29,87,82.255643,10.1142556,163,94,56
2009_09_06,88,84.8107176,7.4005431,163,93,52
2009_09_14,61,61.2578551,7.3176478,163,90,41
2009_09_22,87,83.9283828,7.2105493,163,90,58
2009_09_30,85,80.2308351,9.7885123,163,88,50
2009_10_08,79,75.2193944,11.2864229,163,95,42
2009_10_16,74,74.051257,6.6993359,163,87,46
2009_10_24,57,55.2353543,8.0422452,163,84,36
2009_11_01,60,59.6669362,4.3549641,163,76,43
2009_11_09,52,50.2920106,4.3250881,163,74,37
2009_11_17,29,29.3133459,6.7054738,163,81,10
2009_11_25,47,47.464572,5.1139597,163,76,30
2009_12_03,45,44.3970221,4.9364816,163,72,29
2009_12_11,46,45.942321,4.6783315,163,66,33
2009_12_19,48,48.7115572,4.93308,163,73,35
2009_12_27,47,45.9861095,4.4371736,163,76,29
2010_01_01,47,47.7364841,4.6880881,163,72,29
2010_01_09,46,45.3200057,4.6859521,163,67,26
2010_01_17,47,47.1229693,5.8913405,163,80,29
2010_01_25,45,44.1360036,5.2507453,163,77,29
2010_02_02,43,41.9313798,7.3867782,163,53,21
2010_02_10,44,44.1760341,4.6096855,163,72,27
2010_02_18,47,47.1233499,4.5507414,163,74,33
2010_02_26,43,43.4560093,3.8991676,163,56,27
2010_03_06,46,46.6144424,5.1088863,163,75,35
2010_03_14,46,45.6035012,3.8420291,163,59,33
2010_03_22,47,46.9370169,3.680501,163,59,37
2010_03_30,52,52.4089147,4.0743957,163,82,37
2010_04_07,75,75.0223818,8.6373527,163,90,53
2010_04_15,68,68.0857218,7.4690474,163,90,48
2010_04_23,80,76.6594201,8.1482694,163,93,50
2010_05_01,86,82.0552767,10.9680247,163,100,39
2010_05_09,81,75.0633875,12.1363681,163,92,42
2010_05_17,85,80.5020336,10.0996279,163,91,39
2010_05_25,83,79.0336798,11.6876463,163,100,49
2010_06_02,90,88.0941893,7.4109515,163,95,59
2010_06_10,91,88.6339938,6.4073932,163,94,63
2010_06_18,91,88.2972671,6.5764925,163,94,58
2010_06_26,79,76.6700759,10.0590825,163,94,53
2010_07_04,88,85.4896416,7.8551425,163,94,55
2010_07_12,88,83.3780891,12.8495962,163,100,30
2010_07_20,84,83.1723949,9.1977657,163,94,57
2010_07_28,64,65.5854482,17.4295526,163,100,26
2010_08_05,85,78.8078634,10.2208,163,91,52
2010_08_13,89,85.6962158,8.2512258,163,94,34
2010_08_21,87,83.2542397,8.3424665,163,91,51
2010_08_29,88,84.0127489,8.1563027,163,94,59
2010_09_06,86,82.954832,8.3834126,163,92,55
2010_09_14,87,82.1216849,9.2258108,163,92,58
2010_09_22,81,77.0965202,10.124049,163,89,52
2010_09_30,85,80.4021835,8.1255764,163,89,54
2010_10_08,82,78.2494113,9.5763157,163,88,52
2010_10_16,78,77.3416026,7.2671502,163,88,55
2010_10_24,64,64.245248900000007,5.4775623,163,84,45
2010_11_01,65,65.886402,4.3599738,163,83,52
2010_11_09,59,58.3248817,5.1117218,163,82,44
2010_11_17,53,54.3773042,4.3704585,163,79,42
2010_11_25,45,42.9769284,5.4487163,163,75,26
2010_12_03,46,46.6041434,4.8751741,163,75,30
2010_12_11,44,42.3848917,6.6737244,163,71,23
2010_12_19,47,47.1457318,5.5257993,163,76,30
2010_12_27,42,41.4321766,5.7362324,163,61,23
2011_01_01,47,45.9398473,5.5233943,163,72,29
2011_01_09,45,44.1029422,5.3030627,163,73,27
2011_01_17,34,33.6142759,5.4270106,163,56,15
2011_01_25,47,46.1598364,5.0143533,163,70,27
2011_02_02,47,45.571415,5.3265597,163,79,30
2011_02_10,47,47.1732274,4.8055806,163,70,30
2011_02_18,43,43.247675,4.2333511,163,57,26
2011_02_26,43,42.7412649,3.8542161,163,52,29
2011_03_06,46,45.5898723,3.8265393,163,61,29
2011_03_14,43,43.673715,4.2796853,163,61,27
2011_03_22,42,41.4765121,3.5130294,163,53,31
2011_03_30,47,46.4673311,4.4804097,163,65,32
2011_04_07,55,54.6763314,5.0432433,163,89,38
2011_04_15,67,66.9616583,5.7718683,163,89,46
2011_04_23,84,78.4584592,10.0193272,163,91,51
2011_05_01,86,79.2845182,17.2690483,163,99,15
2011_05_09,82,79.4409057,9.9243364,163,96,38
2011_05_17,86,84.6189853,5.8035902,163,100,60
2011_05_25,91,88.2650144,7.5563399,163,95,57
2011_06_02,91,88.0908831,6.0186144,163,94,66
2011_06_10,83,80.2382799,10.3633525,163,93,48
2011_06_18,89,85.8582642,9.3231997,163,95,24
2011_06_26,76,76.8450634,12.7205656,163,94,50
2011_07_04,86,82.6818971,7.7525722,163,92,49
2011_07_12,84,81.8761982,10.5080331,163,93,52
2011_07_20,86,84.4253265,6.4848222,163,94,54
2011_07_28,90,85.7581999,9.1675288,163,94,52
2011_08_05,90,82.4209024,12.4173022,163,94,44
2011_08_13,87,83.2724354,11.5080316,163,94,27
2011_08_21,89,85.2231049,7.7439499,163,94,60
2011_08_29,89,86.3026425,6.4440428,163,94,64
2011_09_06,87,85.3737126,7.0921466,163,94,58
2011_09_14,76,75.070975,10.7133499,163,90,41
2011_09_22,86,80.938658,9.4036853,163,89,55
2011_09_30,87,84.3752824,6.4933948,163,91,61
2011_10_08,74,73.5872797,5.9394045,163,88,49
2011_10_16,72,71.1735366,6.6682347,163,87,51
2011_10_24,64,64.291963,5.064275,163,85,45
2011_11_01,61,60.8763409,4.7959375,163,83,44
2011_11_09,56,55.5983874,4.0870409,163,75,41
2011_11_17,51,50.4667602,4.4372669,163,72,34
2011_11_25,49,49.2219157,5.254543,163,72,35
2011_12_03,47,47.4951121,5.2248764,163,73,29
2011_12_11,47,48.3947149,5.039361,163,70,32
2011_12_19,47,44.658992,4.6327753,163,75,29
2011_12_27,46,44.5133078,5.2775358,163,72,29
2012_01_01,44,44.7116048,4.7757259,163,77,30
2012_01_09,47,46.8449207,4.9159215,163,66,31
2012_01_17,43,42.1665913,5.0377625,163,77,30
2012_01_25,47,47.3396998,4.599738,163,72,32
2012_02_02,36,38.068644,5.4484192,163,71,23
2012_02_10,47,47.5587137,4.6853817,163,72,33
2012_02_18,42,41.5967462,4.2931725,163,58,33
2012_02_26,45,44.6870823,4.6161068,163,78,33
2012_03_05,47,46.5755298,3.847296,163,61,33
2012_03_13,48,48.0881954,4.0440664,163,61,34
2012_03_21,55,55.2158267,4.262731,163,81,38
2012_03_29,59,61.2776205,8.5586538,163,89,45
2012_04_06,78,78.406108,8.7183764,163,94,54
2012_04_14,84,78.4822682,13.0792453,163,94,47
2012_04_22,86,82.7846966,6.8251747,163,92,56
2012_04_30,88,86.118355,7.3654746,163,94,36
2012_05_08,39,42.2032681,24.878955,163,100,4
2012_05_16,88,83.3272364,10.7971033,163,93,44
2012_05_24,90,87.85629,6.9971201,163,94,59
2012_06_01,89,85.7909046,10.478991,163,100,40
2012_06_09,74,75.7775849,11.2911906,163,93,51
2012_06_17,88,86.8591442,6.4922123,163,95,49
2012_06_25,90,87.2329044,7.4447341,163,94,59
2012_07_03,89,87.183574,6.1140379,163,95,62
2012_07_11,52,59.345884,22.2147095,163,100,22
2012_07_19,81,75.6200794,16.8540817,163,94,38
2012_07_27,91,86.4740861,8.797315,163,94,35
2012_08_04,58,62.2661561,20.6758187,163,100,31
2012_08_12,87,86.0681683,3.9025157,163,94,69
2012_08_20,41,46.8808363,16.650135,163,100,28
2012_08_28,69,66.2134006,19.6536555,163,99,11
2012_09_05,87,85.4476132,5.5763935,163,92,64
2012_09_13,68,69.2012701,13.0189542,163,97,31
2012_09_21,87,84.9211759,5.6911224,163,90,64
2012_09_29,53,59.31444,14.7176623,163,88,38
2012_10_07,72,71.3411745,5.9168273,163,86,53
2012_10_15,66,65.9896059,4.8095655,163,84,48
2012_10_23,60,59.5800252,4.6050863,163,84,45
2012_10_31,45,43.4704469,5.8259214,163,66,28
2012_11_08,54,54.8198749,4.1491537,163,77,43
2012_11_16,50,49.3036177,4.3554653,163,73,38
2012_11_24,50,49.5596413,4.450564,163,76,36
2012_12_02,46,47.2211307,4.896382,163,75,29
2012_12_10,26,27.0630069,4.9552782,163,52,10
2012_12_18,45,44.3482149,5.2803378,163,69,29
2012_12_26,42,42.3546131,9.7497808,163,66,25
2013_01_01,46,44.7381253,5.4483502,163,71,26
2013_01_09,24,23.7255667,12.3309251,163,78,5
2013_01_17,45,43.2629451,5.5417284,163,70,26
2013_01_25,47,47.6366339,4.5239232,163,77,32
2013_02_02,36,37.8772447,6.3437897,163,62,23
2013_02_10,47,47.8762457,4.994159,163,75,36
2013_02_18,42,42.5373784,4.6429519,163,71,29
2013_02_26,42,40.8382846,5.8009436,163,59,16
2013_03_06,38,37.9755726,4.1082221,163,56,23
2013_03_14,47,48.1442333,3.7221421,163,62,36
2013_03_22,42,43.5171848,3.6100633,163,57,32
2013_03_30,48,48.0476417,3.164895,163,54,38
2013_04_07,57,55.4997503,3.8927915,163,60,37
2013_04_15,61,60.4900459,17.3261505,163,94,31
2013_04_23,85,81.66608,7.2967665,163,90,59
2013_05_01,26,27.8668744,9.1854936,163,55,9
2013_05_09,87,83.8416621,10.5896111,163,100,35
2013_05_17,88,84.9426064,9.9503983,163,99,30
2013_05_25,87,85.599862,5.9718877,163,94,61
2013_06_02,84,73.0329662,19.3591249,163,94,33
2013_06_10,91,86.7565825,13.7267029,163,100,40
2013_06_18,87,85.2060272,8.4805871,163,100,55
2013_06_26,85,80.1997479,15.0889443,163,100,43
2013_07_04,80,73.1722998,21.2238694,163,100,14
2013_07_12,78,73.7266132,18.1391633,163,100,30
2013_07_20,89,86.1014913,12.3327228,163,94,9
2013_07_28,78,75.2344504,14.2640346,163,100,34
2013_08_05,91,85.9606118,11.0037922,163,95,40
2013_08_13,90,81.110387,12.296052,163,94,49
2013_08_21,85,83.2967676,5.8401428,163,95,55
2013_08_29,89,84.8905882,10.7956566,163,94,47
2013_09_06,88,86.6552101,5.6805377,163,94,64
2013_09_14,88,85.0912875,7.054201,163,91,61
2013_09_22,82,76.5040078,16.565551,163,100,19
2013_09_30,87,82.864258,8.1063586,163,90,59
2013_10_08,66,63.2850653,11.9665812,163,87,25
2013_10_16,61,60.6525938,5.999586,163,77,32
2013_10_24,69,68.292962,5.8969598,163,85,50
2013_11_01,56,55.2016031,4.9253909,163,78,43
2013_11_09,52,52.8893989,4.327898,163,77,40
2013_11_17,47,47.7909759,4.9000166,163,71,29
2013_11_25,50,49.8969388,4.8247156,163,75,37
2013_12_03,14,17.0305402,7.6944305,163,27,5
2013_12_11,47,48.2896558,4.8316379,163,72,34
2013_12_19,46,45.1197108,5.6626531,163,66,26
2013_12_27,47,48.118022,4.8135159,163,68,32
2014_01_01,46,46.799824,5.1974162,163,70,31
2014_01_09,46,46.365031,5.2480566,163,73,30
2014_01_17,47,47.3729039,5.6467385,163,78,29
2014_01_25,46,45.9730514,5.4935696,163,75,27
2014_02_02,34,34.0221202,5.0953496,163,52,18
2014_02_10,32,30.4595295,4.4283006,163,47,17
2014_02_18,42,42.0218824,4.5183872,163,72,29
2014_02_26,43,43.1700402,4.6054296,163,58,27
2014_03_06,47,46.6482887,4.2699827,163,58,28
2014_03_14,46,45.3240492,4.0446713,163,56,30
2014_03_22,47,47.4218538,3.584366,163,57,38
2014_03_30,46,45.156887,3.7765707,163,57,32
2014_04_07,43,44.8269867,7.7780476,163,83,29
2014_04_15,58,57.6828485,4.476981,163,87,37
2014_04_23,67,67.500226,6.2250261,163,90,49
2014_05_01,80,71.0271389,15.9277203,163,93,26
2014_05_09,86,85.1824798,6.133644,163,94,61
2014_05_17,84,81.0869586,9.5087829,163,94,53
2014_05_25,87,85.8988179,6.3063426,163,99,60
2014_06_02,84,82.0847941,6.9700974,163,93,52
2014_06_10,91,88.2017458,6.8814176,163,94,51
2014_06_18,90,77.5344766,23.5097436,163,100,9
2014_06_26,87,84.5466546,7.9768805,163,93,52
2014_07_04,82,77.3671717,10.7801973,163,92,46
2014_07_12,86,83.2163261,8.9190555,163,93,54
2014_07_20,73,67.6705754,20.9952042,163,99,23
2014_07_28,80,75.7693314,17.2979787,163,100,25
2014_08_05,89,85.4512047,10.469997,163,100,27
2014_08_13,88,86.3431963,6.2234842,163,95,59
2014_08_21,87,85.2189187,5.3920762,163,93,62
2014_08_29,89,84.4642866,8.8229519,163,94,57
2014_09_06,33,33.6335419,7.4229275,163,55,19
2014_09_14,87,84.8804082,6.432655,163,91,61
2014_09_22,88,81.3532336,9.936321,163,93,55
2014_09_30,85,82.1597888,7.1607156,163,92,56
2014_10_08,77,75.3523298,7.0747183,163,88,51
2014_10_16,76,74.8239184,6.5814011,163,88,52
2014_10_24,70,69.7571772,5.2727554,163,87,52
2014_11_01,66,65.9879885,4.6953883,163,82,47
2014_11_09,58,57.9259805,4.6282804,163,78,44
2014_11_17,52,51.2266251,4.4208914,163,70,39
2014_11_25,47,48.181576,4.4368682,163,71,29
2014_12_03,47,46.5800252,6.472884,163,78,31
2014_12_11,46,45.7386485,4.5983877,163,65,33
2014_12_19,44,43.0859834,5.6637364,163,69,25
2014_12_27,47,45.6563756,5.144105,163,71,27
2015_01_01,47,46.4383845,4.7802317,163,71,32
2015_01_09,46,45.1013962,6.6647569,163,72,28
2015_01_17,47,45.7227125,5.0073979,163,75,29
2015_01_25,43,43.3178888,5.08074,163,77,30
2015_02_02,34,35.5717004,7.1929422,163,76,25
2015_02_10,39,40.0533739,5.2854746,163,77,29
2015_02_18,43,42.7835074,7.4115102,163,100,27
2015_02_26,11,12.020479,5.2819556,163,34,4
2015_03_06,43,42.4159551,3.8695368,163,58,30
2015_03_14,44,44.1667341,3.657049,163,56,29
2015_03_22,43,43.8053421,3.1807908,163,51,34
2015_03_30,47,46.237162,4.3368289,163,83,32
2015_04_07,54,53.0718312,4.0170325,163,64,37
2015_04_15,63,63.074186,5.7430981,163,89,51
2015_04_23,75,74.6795662,7.8832613,163,93,55
2015_05_01,90,87.2982661,7.8246333,163,94,62
2015_05_09,87,85.4484932,6.9178954,163,94,57
2015_05_17,89,84.8869729,11.2532162,163,100,39
2015_05_25,65,64.5889209,22.6375979,163,100,20
2015_06_02,90,83.0379373,14.4499197,163,94,34
2015_06_10,91,88.4751088,6.4497467,163,94,62
2015_06_18,90,88.9019813,5.408754,163,95,64
2015_06_26,90,88.5053398,4.5095238,163,94,70
2015_07_04,87,84.4257546,6.8317394,163,93,63
2015_07_12,90,85.8916348,11.2448884,163,100,34
2015_07_20,91,78.6431748,18.4244763,163,96,39
2015_07_28,90,88.117356,5.7395122,163,94,64
2015_08_05,88,85.9740504,5.3674636,163,97,59
2015_08_13,89,84.8730823,10.8547252,163,100,15
2015_08_21,89,86.0971624,6.3698651,163,94,66
2015_08_29,84,80.8419951,8.3743073,163,98,52
2015_09_06,54,62.7577718,25.6720047,163,100,12
2015_09_14,88,85.4269201,6.2098437,163,92,60
2015_09_22,5,6.820636,3.547848,163,25,3
2015_09_30,81,78.6597531,9.0948515,163,91,54
2015_10_08,76,75.2922008,6.4649013,163,88,54
2015_10_16,74,73.1004686,5.9757688,163,95,52
2015_10_24,59,58.503318,5.5321097,163,80,42
2015_11_01,25,23.6902695,17.888689,163,100,3
2015_11_09,51,51.1424256,4.9567439,163,75,30
2015_11_17,46,46.9158956,4.6407546,163,68,28
2015_11_25,45,44.0523749,5.3884592,163,71,30
2015_12_03,47,47.4323669,4.6473435,163,71,29
2015_12_11,45,44.233499,5.0394059,163,64,25
2015_12_19,46,45.1052256,5.0586235,163,69,28
2015_12_27,45,45.058345,5.6169656,163,69,28
2016_01_01,45,45.4691387,6.1074475,163,72,29
2016_01_09,44,42.8875437,5.5198021,163,66,27
2016_01_17,46,44.9166092,4.5361616,163,65,32
2016_01_25,45,44.1859525,5.0199272,163,74,29
2016_02_02,46,45.0165545,4.809229,163,69,28
2016_02_10,46,45.9775944,4.7274149,163,70,30
2016_02_26,42,43.0197179,5.0083975,163,63,29
2016_03_05,43,42.8703708,3.2987428,163,54,33
2016_03_13,43,44.549818,4.2970895,163,66,33
2016_03_21,48,48.308898,3.4329854,163,57,39
2016_03_29,51,51.9564731,4.6787981,163,72,35
2016_04_06,55,55.2764313,6.0776401,163,88,43
2016_04_14,65,67.0168637,10.8881032,163,90,47
2016_04_22,88,86.6593963,6.072876,163,94,62
2016_04_30,89,82.1116714,16.1964445,163,98,14
2016_05_08,86,84.7865994,5.2268571,163,92,67
2016_05_16,86,81.7824846,8.6860247,163,100,54
2016_05_24,90,84.8677782,10.3004911,163,94,52
2016_06_01,90,88.0100136,7.2380159,163,94,54
2016_06_09,88,86.3874605,6.5242334,163,94,60
2016_06_17,82,78.6161073,8.7976359,163,100,58
2016_06_25,82,77.3059249,13.3278421,163,98,36
2016_07_03,91,88.7225935,5.9953499,163,94,64
2016_07_11,90,84.6237899,9.8354369,163,94,55
2016_07_19,88,87.2226768,4.9509012,163,94,63
2016_07_27,89,78.7739457,16.4119844,163,94,41
2016_08_04,70,70.3082558,19.1032089,163,100,21
2016_08_12,88,86.6128012,5.3050283,163,94,64
2016_08_20,87,85.4540589,5.6420575,163,92,63
2016_08_28,59,59.3723807,10.8544409,163,94,26
2016_09_05,86,84.7884071,4.7993658,163,91,64
2016_09_13,88,84.4351022,6.8688372,163,90,65
2016_09_21,80,76.8516757,13.2657927,163,95,44
2016_09_29,59,63.6826582,13.0391149,163,91,43
2016_10_07,84,79.8175915,8.408718,163,93,53
2016_10_15,78,77.657113,6.842342,163,95,54
2016_10_23,72,71.0114169,5.9086603,163,87,53
2016_10_31,68,67.8346693,4.5893589,163,85,53
2016_11_08,61,61.388078899999996,5.0141581,163,78,45
2016_11_16,57,56.8677069,4.749869,163,77,44
2016_11_24,47,48.3255952,4.8422128,163,71,34
2016_12_02,47,47.8471803,4.9458356,163,71,30
2016_12_10,46,45.8868777,4.9262161,163,66,27
2016_12_18,47,46.3742835,4.9468096,163,70,34
2016_12_26,45,44.0391504,4.9697114,163,60,29
2017_01_01,22,28.7495897,14.8073684,163,88,8
2017_01_09,42,39.0642913,10.1617244,163,64,15
2017_01_17,45,43.9748591,5.3051702,163,73,27
2017_01_25,47,47.1303427,5.1223063,163,72,31
2017_02_02,47,47.2491735,4.9012761,163,75,29
2017_02_10,47,47.8589064,4.8462996,163,72,32
2017_02_18,46,45.5877078,3.8004736,163,59,34
2017_02_26,46,46.2170159,4.5991161,163,78,34
2017_03_06,47,47.5488191,3.6727413,163,61,37
2017_03_14,47,47.1422115,4.737992,163,77,32
2017_03_22,47,47.0354875,3.8681845,163,61,34
2017_03_30,49,49.0227624,3.4123337,163,58,36
2017_04_07,57,61.4044193,10.6041982,163,92,50
2017_04_15,81,79.6476702,7.2196886,163,91,62
2017_04_23,38,43.5346193,20.9223323,163,100,17
2017_05_01,85,83.609495,7.553271,163,94,60
2017_05_09,92,89.1808862,7.2310757,163,94,50
2017_05_17,88,86.2943653,5.4247562,163,93,61
2017_05_25,82,76.8360488,11.1314416,163,93,40
2017_06_02,89,87.0501154,6.8782665,163,100,56
2017_06_10,91,88.0539448,8.4888957,163,94,53
2017_06_18,80,74.3054492,12.8879834,163,97,38
2017_06_26,81,78.5451086,11.1971174,163,94,55
2017_07_04,89,86.0209547,8.6268751,163,100,53
2017_07_12,89,87.5991961,8.4380253,163,94,42
2017_07_20,89,87.6231715,5.8166045,163,94,60
2017_07_28,62,68.3725234,21.2083041,163,100,26
2017_08_05,87,84.9946959,7.0306053,163,93,42
2017_08_13,87,83.6742383,11.527658,163,100,41
2017_08_21,87,82.8835002,10.7074883,163,93,31
2017_08_29,87,84.9716243,5.9655692,163,91,64
2017_09_06,86,84.305806,6.6307752,163,93,51
2017_09_14,88,85.4148848,6.3092545,163,92,60
2017_09_22,86,83.0032348,7.1739331,163,91,53
2017_09_30,87,82.6069262,7.9092438,163,90,58
2017_10_08,60,62.1885213,9.7631787,163,94,33
2017_10_16,72,71.0367243,6.944498,163,88,54
2017_10_24,67,66.8611184,6.5901508,163,87,44
2017_11_01,42,44.6574697,10.9336927,163,83,26
2017_11_09,52,52.1696121,5.4093803,163,76,37
2017_11_17,52,52.0209072,4.4339066,163,78,40
2017_11_25,49,48.9879647,5.0649885,163,72,33
2017_12_03,49,48.4207121,5.0381136,163,75,29
2017_12_11,46,45.8960112,5.2252798,163,66,26
2017_12_19,32,30.8407821,5.5716871,163,59,10
2017_12_27,37,40.2661085,6.7279219,163,72,26
2018_01_01,44,45.478962,5.9502435,163,72,27
2018_01_09,47,46.6116595,5.1947796,163,72,29
2018_01_17,41,39.0531361,10.8036061,163,81,15
2018_01_25,47,46.3124658,5.2926903,163,71,29
2018_02_02,46,44.6553766,5.7192131,163,70,26
2018_02_10,4,5.473539,2.8943144,163,17,3
2018_02_18,32,31.3044026,7.2432712,163,61,14
2018_02_26,43,43.6605142,4.6931593,163,57,30
2018_03_06,27,27.3617011,5.2426104,163,52,16
2018_03_14,36,35.6539971,7.3447191,163,60,14
2018_03_22,46,46.656994,4.6921487,163,77,33
2018_03_30,43,43.5508646,4.9740037,163,61,29
2018_04_07,48,47.7439764,4.3371153,163,66,29
2018_04_15,62,61.5889209,4.9577917,163,88,42
2018_04_23,75,76.8486787,10.4163469,163,93,49
2018_05_01,88,85.0012606,7.7743884,163,94,57
2018_05_09,90,87.1442809,7.6500042,163,94,45
2018_05_17,64,68.3253574,20.4115878,163,100,30
2018_05_25,79,73.2377328,16.853347,163,95,31
2018_06_02,89,86.6021454,9.630878,163,95,44
2018_06_10,81,76.8634493,12.8760131,163,100,47
2018_06_18,89,87.3268083,6.9078828,163,94,56
2018_06_26,72,72.9635135,17.2102894,163,100,35
2018_07_04,90,84.6193897,12.7641572,163,100,49
2018_07_12,84,80.8953452,11.0021434,163,100,43
2018_07_20,80,77.0625074,15.3957712,163,100,45
2018_07_28,31,40.240587,28.2983678,163,100,3
2018_08_05,90,88.5900626,4.3537194,163,94,64
2018_08_13,87,85.7343672,5.5601034,163,94,61
2018_08_21,88,86.6145375,4.2746343,163,93,64
2018_08_29,87,83.3379635,8.7110256,163,100,37
2018_09_06,49,53.582261,22.9428725,163,100,19
2018_09_14,88,83.7316557,9.2439759,163,92,44
2018_09_22,87,83.6347311,7.7150843,163,90,49
2018_09_30,80,78.6348738,7.6567907,163,95,57
2018_10_08,66,64.1105773,19.516914,163,94,32
2018_10_16,73,71.5424446,8.9362941,163,93,47
2018_10_24,72,71.1289394,6.6138042,163,87,49
2018_11_01,59,57.8925386,4.8685456,163,83,43
2018_11_09,51,49.7694979,4.8239042,163,75,38
2018_11_17,51,50.6484314,4.8375857,163,70,29
2018_11_25,47,47.1668768,4.5223505,163,76,30
2018_12_03,36,38.5389482,5.8953448,163,69,23
2018_12_11,46,45.1621673,5.9763104,163,68,23
2018_12_19,47,47.6354684,5.2077976,163,75,29
2018_12_27,16,17.9406322,5.8524778,163,36,10
2019_01_01,36,38.5948434,6.1287269,163,70,23
2019_01_09,47,46.550603,5.2965717,163,69,23
2019_01_17,37,39.6364674,6.5103733,163,70,23
2019_01_25,47,47.8157125,5.0367837,163,77,32
2019_02_02,48,48.6338273,4.5320526,163,71,34
2019_02_10,47,47.6275242,4.8687002,163,75,30
2019_02_18,45,45.0823205,4.920842,163,66,28
2019_02_26,35,33.2428942,4.851733,163,53,17
2019_03_06,46,45.1101967,4.3999494,163,59,26
2019_03_14,36,36.2833528,4.0337412,163,56,24
2019_03_22,49,49.4694479,4.0261388,163,60,36
2019_03_30,43,42.0879338,3.5496298,163,59,33
2019_04_07,44,44.1842637,4.2737361,163,70,30
2019_04_15,68,67.9008158,6.7597006,163,90,46
2019_04_23,90,84.9436529,10.9560212,163,94,40
2019_05_01,78,73.3113241,12.5085209,163,92,44
2019_05_09,63,65.5630664,22.0145063,163,100,21
2019_05_17,84,79.7592703,12.4231629,163,95,44
2019_05_25,86,83.9725281,6.7554565,163,94,49
2019_06_02,82,76.2981233,12.2197316,163,93,35
2019_06_10,88,85.2389696,6.6473744,163,93,55
2019_06_18,87,83.2827819,9.4431428,163,93,36
2019_06_26,90,88.0020931,7.478515,163,94,50
2019_07_04,85,78.5621625,13.9130717,163,99,28
2019_07_12,91,85.7143877,9.9324983,163,94,47
2019_07_20,87,85.1999382,7.3238584,163,93,36
2019_07_28,90,87.3041886,7.5405537,163,94,53
2019_08_05,88,85.6736437,8.1474333,163,93,33
2019_08_13,86,80.9066908,13.2913682,163,100,37
2019_08_21,88,83.1592179,12.6853009,163,93,28
2019_08_29,87,85.1475394,5.5968071,163,93,58
2019_09_06,87,84.5763147,5.5528353,163,91,64
2019_09_14,87,83.960588,6.0050602,163,90,60
2019_09_22,87,83.8724401,7.6535261,163,89,47
2019_09_30,82,79.9313798,7.6970813,163,88,54
2019_10_08,75,73.9932212,7.6079161,163,87,52
2019_10_16,65,64.9132793,6.1089818,163,85,42
2019_10_24,52,51.8477749,5.5651848,163,73,36
2019_11_01,64,64.1541993,5.3679334,163,82,45
2019_11_09,60,60.3420308,5.7015158,163,81,37
2019_11_17,51,50.3318983,4.9066026,163,75,34
2019_11_25,51,50.8576457,5.1744529,163,75,33
2019_12_03,46,46.1869277,5.3274712,163,71,31
2019_12_11,47,47.4740861,5.2180502,163,70,30
2019_12_19,46,46.0724258,5.4480048,163,76,29
2019_12_27,42,42.2559047,5.4819993,163,74,27
2020_01_01,46,44.0718788,5.4979047,163,74,28
2020_01_09,36,37.9507885,6.3881795,163,62,10
2020_01_17,46,46.5668244,4.9628755,163,75,29
2020_01_25,50,48.9838737,5.0953866,163,77,32
2020_02_02,36,38.8127631,6.1750836,163,72,23
2020_02_10,50,48.8427562,4.7972008,163,68,31
2020_02_18,43,44.5948672,4.3825844,163,62,25
2020_02_26,48,47.828057,4.4478485,163,60,33
2020_03_05,48,48.5125942,4.9076994,163,80,37
2020_03_13,35,34.8449207,5.4669221,163,57,17
2020_03_21,47,46.2392788,5.3702117,163,81,35
2020_03_29,59,58.9590181,4.2518746,163,88,46
2020_04_06,76,76.8131199,8.7229254,163,92,58
2020_04_14,87,83.4600528,7.4177183,163,92,55
2020_04_22,90,85.2577123,9.647742,163,94,56
2020_04_30,89,86.2446067,6.5231603,163,94,57
2020_05_08,88,84.2227957,10.0832509,163,94,45
2020_05_16,87,86.3279262,7.1685115,163,95,45
2020_05_24,89,81.6682444,17.1426149,163,100,31
2020_06_01,90,86.4643579,7.9923041,163,95,49
2020_06_09,84,81.8691816,11.6624331,163,94,45
2020_06_17,82,77.9061913,12.1632323,163,100,43
2020_06_25,88,85.1732274,11.1825868,163,100,27
2020_07_03,83,80.3816807,8.3285321,163,94,47
2020_07_11,89,88.3876507,3.9516061,163,95,69
2020_07_19,91,88.3710011,7.4309295,163,95,53
2020_07_27,88,85.3345147,7.5278799,163,93,52
2020_08_04,89,87.4604334,6.0881217,163,100,48
2020_08_12,73,68.4333896,21.1420087,163,100,29
2020_08_20,87,85.4645958,6.5451296,163,92,47
2020_08_28,85,83.2618747,5.9677959,163,92,54
2020_09_05,87,85.4294175,4.4018993,163,94,68
2020_09_13,87,84.3684085,6.765016,163,93,58
2020_09_21,57,59.4283472,10.7187097,163,83,40
2020_09_29,85,82.3686702,6.6961441,163,90,53
2020_10_07,65,65.7913327,4.8829808,163,87,49
2020_10_15,72,71.3384154,6.4178934,163,95,51
2020_10_23,54,55.9706253,8.742398,163,85,32
2020_10_31,64,63.8774826,5.6939324,163,80,45
2020_11_08,54,55.33392,4.7932135,163,79,41
