date,Lai_500m_med,Lai_500m_mean,Lai_500m_std,Lai_500m_cnt,Lai_500m_ax,Lai_500m_min
2000_02_26,9,9.5150679,1.6059798,163,18,5
2000_03_05,10,10.0009514,1.2082619000000001,163,15,6
2000_03_13,11,11.1933972,2.0371239,163,17,6
2000_03_21,10,10.5550032,1.3895672,163,16,7
2000_03_29,13,13.1678757,2.3265046,163,25,7
2000_04_06,18,18.1429013,2.7457124,163,36,10
2000_04_14,24,29.2124016,10.1558112,163,62,13
2000_04_22,17,23.4185001,17.6511288,163,70,2
2000_04_30,47,46.7905478,9.2224445,163,67,19
2000_05_08,51,50.0759461,8.8557512,163,68,21
2000_05_16,46,44.5697738,7.7562852,163,63,19
2000_05_24,54,52.5211569,11.6706887,163,68,19
2000_06_01,50,49.5951764,10.9502792,163,67,18
2000_06_09,49,48.400352,7.6606682,163,68,17
2000_06_17,53,52.0957829,13.5336811,163,70,7
2000_06_25,54,52.2631354,10.890267,163,68,20
2000_07_03,47,44.6465523,10.8803296,163,67,19
2000_07_11,52,45.9215565,15.6653628,163,68,3
2000_07_19,45,42.822515,6.5456587,163,52,18
2000_07_27,18,26.4380515,18.7976501,163,70,2
2000_08_04,4,11.2358538,17.1894002,163,70,1
2000_08_12,7,14.3224318,17.5845109,163,70,1
2000_08_20,47,43.5143781,9.1003497,163,66,20
2000_08_28,24,28.8877102,21.8503442,163,69,2
2000_09_05,17,20.6613705,14.125628,163,70,5
2000_09_13,43,40.5027472,7.3941576,163,59,12
2000_09_21,17,20.483838,9.8317358,163,61,9
2000_09_29,30,31.1956093,7.8151515,163,57,13
2000_10_07,27,27.9337107,6.2604168,163,48,12
2000_10_15,17,17.6577552,3.5792486,163,42,9
2000_10_23,15,15.5354518,2.7672452,163,42,8
2000_10_31,10,10.4375996,2.1287548,163,26,6
2000_11_08,9,8.9193207,1.3946231,163,18,5
2000_11_16,8,8.0831292,1.2275152,163,16,5
2000_11_24,8,7.9380158,1.2841298,163,16,3
2000_12_02,7,7.6886997,1.3151176,163,18,4
2000_12_10,7,7.2450824,1.2782249,163,15,3
2000_12_18,7,7.4261351,1.4828616,163,21,3
2000_12_26,6,6.1646647,0.9695581,163,11,3
2001_01_01,7,7.1240872,1.3198884,163,18,3
2001_01_09,7,7.1386438,1.2473767,163,19,3
2001_01_17,7,7.4112218,1.4930554,163,21,4
2001_01_25,7,7.3255001,1.4445215,163,22,3
2001_02_02,7,6.988702,1.5260667,163,23,3
2001_02_10,7,6.5932498,1.1730793,163,18,3
2001_02_18,8,8.3161049,1.2788431,163,18,5
2001_02_26,9,8.6119449,1.0411027,163,13,4
2001_03_06,9,9.5612349,1.1898045,163,15,4
2001_03_14,7,7.3533525,1.6092575,163,23,3
2001_03_22,10,10.2590681,1.6674255,163,15,6
2001_03_30,11,10.9917941,2.1124616,163,30,7
2001_04_07,14,13.8375711,2.810124,163,21,9
2001_04_15,22,23.2685346,4.7486644,163,54,10
2001_04_23,45,44.4057275,12.0527339,163,68,16
2001_05_01,48,48.2104036,11.3611781,163,68,16
2001_05_09,51,44.9436529,16.077532,163,70,11
2001_05_17,47,45.7961849,8.1676605,163,65,19
2001_05_25,49,45.854744,12.6369259,163,67,11
2001_06_02,47,45.1778417,13.5348491,163,70,14
2001_06_10,53,50.0589397,13.8864052,163,68,9
2001_07_04,51,49.0578931,14.8675131,163,68,14
2001_07_12,48,49.0168399,10.7128862,163,68,16
2001_07_20,45,44.4110791,13.444421,163,68,11
2001_07_28,10,21.1164046,21.5272656,163,70,1
2001_08_05,51,50.563114,7.8330033,163,68,22
2001_08_13,46,44.3042361,6.9799722,163,62,5
2001_08_21,51,50.6374426,7.2506306,163,68,21
2001_08_29,24,30.4853364,18.6479636,163,70,7
2001_09_06,47,44.9894632,8.7409126,163,62,13
2001_09_14,42,39.1473967,8.608619,163,66,13
2001_09_22,44,41.3564446,7.598258,163,56,15
2001_09_30,43,39.6864639,8.4229398,163,55,12
2001_10_08,37,33.4522275,10.3442023,163,53,11
2001_10_16,18,19.1370026,4.999251,163,53,9
2001_10_24,16,16.1156911,3.2606078,163,42,8
2001_11_01,11,10.8625931,1.9739163,163,26,6
2001_11_09,9,9.4718502,1.5618769,163,25,6
2001_11_17,9,8.7127227,1.6394493,163,25,5
2001_11_25,8,7.9234593,1.4390394,163,20,4
2001_12_03,7,7.0325619,1.2259812,163,18,3
2001_12_11,7,6.368242,1.2059858,163,12,3
2001_12_19,7,7.1327926,1.2073894,163,17,3
2001_12_27,6,5.8869491,1.3787448,163,19,3
2002_01_01,4,3.8676593,1.251233,163,16,1
2002_01_09,7,6.9953857,1.3101284,163,21,3
2002_01_17,5,5.1367885,1.2225379,163,18,3
2002_01_25,7,7.2025783,1.3196318,163,20,3
2002_02_02,6,6.478296,1.507256,163,23,3
2002_02_10,7,7.4658326,1.3508918,163,20,3
2002_02_18,9,9.4310349,1.4541042,163,22,5
2002_02_26,9,9.0868634,0.9121113,163,11,6
2002_03_06,9,9.3598459,0.9259943,163,14,6
2002_03_14,9,9.3039507,0.9224105,163,13,5
2002_03_22,0,0.3772804,0.5870367,163,2,0
2002_03_30,12,11.3987584,1.8252951,163,19,6
2002_04_07,12,12.390719,2.0654356,163,25,7
2002_04_15,18,19.0117261,4.2612827,163,65,12
2002_04_23,45,42.5404229,9.3893857,163,68,14
2002_05_01,53,50.594772,11.2546343,163,68,17
2002_05_09,51,50.3071617,10.2739655,163,67,17
2002_05_17,53,50.925933,9.8422653,163,68,22
2002_05_25,51,48.4057513,10.4291555,163,66,20
2002_06_02,53,50.5031515,10.8627562,163,68,17
2002_06_10,49,48.1039412,11.2897172,163,67,19
2002_06_18,47,43.209809,13.8620389,163,68,12
2002_06_26,48,47.5949623,7.2923653,163,70,17
2002_07_04,45,44.8461337,19.7605981,163,70,9
2002_07_12,45,42.173488999999996,9.0161844,163,60,9
2002_07_20,46,36.0103703,18.6623972,163,70,2
2002_07_28,51,50.9023619,9.9492407,163,68,20
2002_08_05,53,51.2136622,9.2954483,163,68,17
2002_08_13,48,44.5973408,10.2375121,163,68,17
2002_08_21,54,49.6920058,13.9979109,163,68,11
2002_08_29,43,40.3220274,7.7022579,163,57,12
2002_09_06,44,43.9217468,7.9264041,163,66,15
2002_09_14,43,31.9688652,14.8746149,163,56,6
2002_09_22,44,36.304141,16.840702,163,70,5
2002_09_30,41,37.6710273,8.8504114,163,57,11
2002_10_08,23,26.6835621,14.5186301,163,53,5
2002_10_16,30,30.5477487,10.0705218,163,61,8
2002_10_24,2,8.0849606,15.5426781,163,70,1
2002_11_01,16,16.9561639,4.0968184,163,42,7
2002_11_09,11,10.3030707,2.1119626,163,14,5
2002_11_17,9,9.0425992,1.7160377,163,23,5
2002_11_25,8,7.8935376,1.3210571,163,19,6
2002_12_03,5,5.1612635,0.8327303,163,12,3
2002_12_11,7,7.5198963,1.4542336,163,19,3
2002_12_19,8,8.1642128,1.9190592,163,23,5
2002_12_27,7,7.2890374,1.1311992,163,13,3
2003_01_01,7,6.5610209,1.0918177,163,16,3
2003_01_09,6,6.4459244,1.3046874,163,19,3
2003_01_17,7,6.7750161,1.497762,163,22,3
2003_01_25,6,5.8411388,1.7644837,163,24,3
2003_02_02,7,6.8876864,1.2058922,163,18,3
2003_02_10,7,6.9870371,1.4793038,163,23,4
2003_02_18,8,6.8681826,2.301276,163,11,2
2003_02_26,6,7.5539567,10.3117648,163,70,0
2003_03_06,9,9.4989416,0.8671384,163,13,6
2003_03_14,5,4.6837523,0.5743327,163,7,3
2003_03_22,9,9.5680137,1.1368745,163,14,6
2003_03_30,12,12.4686155,1.5778206,163,20,7
2003_04_07,15,14.7264705,2.38845,163,35,9
2003_04_15,20,22.0203125,7.2416238,163,61,10
2003_04_23,33,34.561782,9.7812462,163,64,17
2003_05_01,46,42.8564089,8.1785469,163,59,18
2003_05_09,44,41.4286088,8.2806361,163,52,18
2003_05_17,25,24.6864401,8.6443176,163,68,7
2003_05_25,46,43.4435459,8.6509463,163,64,9
2003_06_02,54,51.3461218,14.5489889,163,68,10
2003_06_10,44,38.326427700000004,15.0776005,163,68,6
2003_06_18,52,47.0657184,12.323463,163,67,20
2003_06_26,46,44.581262,11.0713778,163,63,9
2003_07_04,53,50.6435078,10.1322691,163,68,21
2003_07_12,44,40.3363461,10.2366113,163,70,11
2003_07_20,48,38.3218847,19.5347481,163,68,6
2003_07_28,16,26.5914897,20.7798828,163,70,2
2003_08_05,27,31.4874771,23.9923018,163,70,3
2003_08_13,30,32.1952049,18.5244015,163,70,3
2003_08_21,49,47.9829698,6.8801541,163,67,20
2003_08_29,46,43.1194729,9.8803219,163,65,15
2003_09_06,47,42.1079133,11.3378748,163,62,5
2003_09_14,44,40.9350903,8.42755,163,55,15
2003_09_22,44,40.6531884,8.0872114,163,54,14
2003_09_30,35,34.5616393,8.795672,163,50,13
2003_10_08,25,25.7175749,5.7841602,163,46,12
2003_10_16,22,22.8649478,4.9334157,163,49,11
2003_10_24,16,15.5666342,3.1531713,163,41,8
2003_11_01,13,12.0840806,2.753255,163,25,6
2003_11_09,9,9.1634993,2.054253,163,20,6
2003_11_17,9,8.8957496,1.449126,163,17,6
2003_11_25,8,8.2141855,1.2577136,163,19,6
2003_12_03,9,8.4496825,1.4180939,163,19,5
2003_12_11,7,7.0240944,1.3768326,163,18,3
2003_12_19,7,7.0640535,1.0872924,163,16,3
2003_12_27,8,8.0795852,1.5741428,163,23,6
2004_01_01,8,7.9156102,1.2441137,163,18,6
2004_01_09,7,7.5274838,1.7060069,163,25,3
2004_01_17,8,8.0270913,1.4984152,163,22,5
2004_01_25,6,6.3193635,0.9417927,163,9,3
2004_02_02,7,6.888733,1.126999,163,13,3
2004_02_10,5,5.3792308,1.3178051,163,19,3
2004_02_18,9,8.522037,1.7417479,163,19,5
2004_02_26,9,9.4598863,0.8370131,163,12,6
2004_03_05,10,10.0295412,2.1277821,163,34,6
2004_03_13,10,9.826178,0.8831799,163,13,6
2004_03_21,9,10.1277502,2.0823499,163,20,6
2004_03_29,12,11.679804,1.8870192,163,17,3
2004_04_06,11,11.4680684,1.3061291,163,16,8
2004_04_14,13,15.02369,4.279914,163,48,10
2004_04_22,48,45.2384226,8.8304354,163,65,18
2004_04_30,47,45.8415908,8.7893023,163,67,20
2004_05_08,49,48.7195728,10.4109399,163,70,18
2004_05_16,48,44.6980948,12.8549993,163,70,10
2004_05_24,52,49.5079086,10.3959368,163,70,19
2004_06_01,46,44.3869134,9.2658674,163,68,6
2004_06_09,9,12.5705349,9.3767863,163,58,6
2004_06_17,52,49.6261684,11.7475388,163,70,13
2004_06_25,54,52.6432938,8.2926496,163,68,21
2004_07_03,54,52.5431344,10.5020748,163,68,18
2004_07_11,52,50.9926028,9.7100925,163,68,17
2004_07_19,55,53.1319126,12.6405829,163,68,6
2004_07_27,39,35.8975335,19.1535255,163,70,4
2004_08_04,50,49.0023547,7.6494925,163,68,22
2004_08_12,49,45.7277787,10.2661338,163,70,13
2004_08_20,23,28.7726851,12.4584355,163,70,10
2004_08_28,13,22.2648479,21.2612547,163,70,3
2004_09_05,43,39.7077992,8.2953633,163,59,9
2004_09_13,45,35.255762,14.2231745,163,61,10
2004_09_21,44,40.0320862,9.4161767,163,57,14
2004_09_29,44,40.8378803,7.7440277,163,53,17
2004_10_07,41,35.0186238,9.4773859,163,51,10
2004_10_15,29,30.8766739,10.0538016,163,51,11
2004_10_23,2,3.390172,5.3298585,163,48,1
2004_10_31,12,12.1464215,1.7132279,163,22,6
2004_11_08,11,10.8016079,1.7517459,163,22,6
2004_11_16,9,8.5602122,1.3851451,163,17,4
2004_11_24,7,7.7441429,1.3999296,163,13,4
2004_12_02,9,8.4523464,1.4143732,163,19,6
2004_12_10,7,7.5089075,1.5755528,163,21,3
2004_12_18,7,7.746902,1.4405817,163,20,3
2004_12_26,7,7.5452989,1.4027765,163,18,3
2005_01_01,7,7.4971815,1.3166336,163,14,3
2005_01_09,2,2.6195324,1.2490653,163,8,1
2005_01_17,7,7.0095854,1.2158079,163,15,3
2005_01_25,5,5.6426278,1.1901208,163,11,2
2005_02_02,7,7.3171991,1.424106,163,20,3
2005_02_10,7,7.4295126,1.2221376,163,14,3
2005_02_18,7,7.5495564,1.5718697,163,19,4
2005_02_26,7,7.3864615,1.1862245,163,13,3
2005_03_06,9,9.3389149,0.979138,163,13,6
2005_03_14,8,8.1850249,1.062041,163,13,5
2005_03_22,10,10.0712604,2.1602934,163,26,5
2005_03_30,10,9.8347644,1.6197946,163,16,6
2005_04_07,13,12.9832077,1.6657091,163,22,9
2005_04_15,26,28.8080774,8.7485136,163,62,10
2005_04_23,39,36.27303,10.6569097,163,66,10
2005_05_01,46,43.6472421,9.2927148,163,66,15
2005_05_09,52,49.9020764,11.4270058,163,67,15
2005_05_17,49,47.6715743,9.2161126,163,66,16
2005_05_25,42,37.3468592,12.6319212,163,58,13
2005_06_02,25,31.2035297,21.085139,163,70,3
2005_06_10,53,52.00842,9.7896926,163,68,14
2005_06_18,52,48.9685798,10.4997701,163,67,14
2005_06_26,52,50.5318127,11.0475655,163,68,23
2005_07_04,51,48.4873344,11.9982811,163,68,12
2005_07_12,25,30.145042,14.3618413,163,70,8
2005_07_20,52,52.0518279,10.1453214,163,68,19
2005_07_28,52,49.4744428,11.4459589,163,68,9
2005_08_05,49,43.0857218,17.9692592,163,70,5
2005_08_13,53,50.7560117,10.4365656,163,68,20
2005_08_21,48,37.8698475,17.9505848,163,66,5
2005_08_29,49,46.3889114,10.2985031,163,67,16
2005_09_06,49,43.6409153,12.7264937,163,66,13
2005_09_14,46,41.0894322,9.9635491,163,57,14
2005_09_22,41,36.2270533,9.9196668,163,52,11
2005_09_30,44,37.6838237,11.5780964,163,65,9
2005_10_08,42,36.3975692,10.5588187,163,53,11
2005_10_16,34,33.0886473,8.9987683,163,49,11
2005_10_24,27,27.8469662,8.1633323,163,49,8
2005_11_01,16,15.7649787,3.4053998,163,34,7
2005_11_09,11,11.5276027,1.9132647,163,26,5
2005_11_17,10,10.0477368,1.821807,163,22,5
2005_11_25,9,9.1704683,1.5268804,163,23,5
2005_12_03,6,6.1157624,1.46945,163,17,3
2005_12_11,7,6.675594,1.7388932,163,19,3
2005_12_19,8,7.8869015,1.4210634,163,19,3
2005_12_27,7,7.1223271,1.241206,163,17,3
2006_01_01,7,7.6108508,1.4531462,163,20,4
2006_01_09,7,6.7665247,1.1830155,163,17,3
2006_01_17,7,7.0519944,1.1591034,163,13,3
2006_01_25,7,7.0320624,1.4228104,163,21,3
2006_02_02,8,7.9664153,1.4356615,163,20,3
2006_02_10,8,7.8939657,1.33328,163,19,4
2006_02_18,9,9.4187617,0.9878634,163,14,5
2006_02_26,9,8.9386105,1.4770631,163,20,3
2006_03_06,10,9.6526889,1.0585622,163,14,5
2006_03_14,10,10.4156935,1.1433121,163,16,5
2006_03_22,10,10.2733868,1.0558566,163,14,6
2006_03_30,12,11.9712437,1.9012863,163,23,7
2006_04_07,14,13.8611897,2.8565382,163,40,6
2006_04_15,25,27.6763789,9.1906182,163,62,9
2006_04_23,31,34.081821,11.5117955,163,66,14
2006_05_01,46,44.3795876,9.9177657,163,66,16
2006_05_09,47,42.9969317,15.799739,163,67,3
2006_05_17,54,51.9853959,9.953836,163,68,16
2006_05_25,49,48.5521728,9.6231878,163,69,10
2006_06_02,48,47.2145898,9.0318042,163,70,9
2006_06_10,50,44.753657,16.2297805,163,70,2
2006_06_18,53,48.7060628,15.8872301,163,70,8
2006_06_26,57,53.4148848,13.3735042,163,68,20
2006_07_04,55,53.5598792,9.9598766,163,68,19
2006_07_12,28,32.01351,15.1738418,163,69,8
2006_07_20,50,48.3957377,11.3590278,163,70,8
2006_07_28,55,54.4097234,9.8273247,163,68,22
2006_08_05,9,11.9138025,8.2696519,163,53,3
2006_08_13,44,34.6565183,16.9688106,163,66,6
2006_08_21,50,45.8930381,11.4860619,163,67,16
2006_08_29,48,42.8035345,14.0936871,163,70,11
2006_09_06,47,45.1199011,6.9481121,163,62,13
2006_09_14,45,42.9639655,7.88645,163,61,14
2006_09_22,45,41.8076255,8.3335559,163,60,14
2006_09_30,44,39.9543087,8.6603344,163,52,13
2006_10_08,43,39.2984326,8.342241,163,53,12
2006_10_16,21,22.5627096,6.8499233,163,48,9
2006_10_24,14,16.8795757,7.4046665,163,53,7
2006_11_01,11,10.8286754,1.6552597,163,25,6
2006_11_09,9,8.3972124,1.6256395,163,23,3
2006_11_17,8,8.1828366,1.4858283,163,20,5
2006_11_25,8,7.9765478,1.6073385,163,21,3
2006_12_03,8,8.0585115,1.4440524,163,20,5
2006_12_11,8,8.5081226,1.5756484,163,22,5
2006_12_19,6,5.8470138,0.7019649,163,7,2
2006_12_27,7,7.154889,1.4803975,163,22,3
2007_01_01,7,7.2248412,1.4095217,163,21,3
2007_01_09,7,7.7209999,1.3379016,163,19,4
2007_01_17,5,5.0965678,1.0211361,163,11,1
2007_01_25,7,7.7418357,1.4379667,163,20,3
2007_02_02,7,6.8715601,1.5998278,163,24,3
2007_02_10,7,7.5200152,1.2300575,163,17,3
2007_02_18,7,7.7410746,1.9544861,163,22,3
2007_02_26,10,9.9036701,1.7464524,163,28,5
2007_03_06,10,9.5439907,1.1742017,163,17,4
2007_03_14,9,9.6315677,1.2110933,163,15,6
2007_03_22,10,10.1003496,1.4502943,163,15,6
2007_03_30,13,13.986276,3.4096082,163,31,10
2007_04_07,19,18.7880741,4.4370633,163,60,9
2007_04_15,22,23.1976786,7.8090617,163,62,12
2007_04_23,23,27.324287000000002,11.2026724,163,67,12
2007_05_01,46,42.5311943,8.7614279,163,65,14
2007_05_09,53,49.8514616,12.6376288,163,68,16
2007_05_17,51,49.6796613,12.0046505,163,68,19
2007_05_25,48,47.1505839,8.8077736,163,65,18
2007_06_02,45,43.5866375,13.6232488,163,70,11
2007_06_10,44,41.5187784,10.260633,163,70,13
2007_06_18,51,48.9764765,9.8667398,163,70,18
2007_06_26,57,54.5197536,10.6265992,163,67,20
2007_07_04,49,47.2880622,9.9979222,163,67,21
2007_07_12,45,41.4547963,8.8177289,163,66,18
2007_07_20,48,44.5482958,13.7067133,163,70,11
2007_07_28,47,43.7258521,16.1415555,163,70,7
2007_08_05,52,50.2222249,11.9383067,163,68,20
2007_08_13,53,49.6258117,14.0080334,163,68,17
2007_08_21,48,43.5834741,12.9402283,163,68,13
2007_08_29,47,41.4539162,10.1520526,163,66,12
2007_09_06,44,41.1043456,13.0969827,163,65,14
2007_09_14,45,39.8123588,12.3550271,163,68,12
2007_09_22,46,41.7920225,10.4560613,163,57,15
2007_09_30,23,29.6825631,14.4485913,163,57,5
2007_10_08,43,37.5819042,9.7282315,163,55,13
2007_10_16,25,26.7072997,10.2126658,163,55,9
2007_10_24,21,21.51395,4.8412877,163,49,7
2007_11_01,14,14.8539115,3.2886755,163,39,8
2007_11_09,13,13.5003687,2.3214192,163,34,7
2007_11_17,9,9.4918298,1.7591216,163,27,5
2007_11_25,8,8.0146041,1.4029912,163,16,3
2007_12_03,8,8.0407916,1.5127148,163,21,3
2007_12_11,9,8.5697738,1.1791277,163,17,5
2007_12_19,7,7.3757344,1.5156479,163,23,3
2007_12_27,8,8.1659967000000009,1.3841666,163,20,5
2008_01_01,7,7.5674666,1.4200036,163,19,3
2008_01_09,8,7.9311181,1.4202421,163,20,5
2008_01_17,7,6.6473848,1.3363253,163,20,3
2008_01_25,7,7.777014,1.4350059,163,22,5
2008_02_02,6,6.1607164,1.4347698,163,19,3
2008_02_10,7,7.1441144,1.5444047,163,23,3
2008_02_18,10,9.7252813,1.6617502,163,18,4
2008_02_26,10,9.9800442,0.97451430000000006,163,14,5
2008_03_05,9,9.5805485,1.1531131,163,17,6
2008_03_13,10,10.5022715,2.3530307,163,25,6
2008_03_21,10,10.2475561,1.022683,163,14,6
2008_03_29,0,0.1031801,0.3287794,163,2,0
2008_04_06,12,13.2105701,3.8113815,163,39,7
2008_04_14,16,16.5631377,3.9184448,163,61,9
2008_04_22,44,38.1080323,9.9621362,163,66,8
2008_04_30,48,46.8714174,13.0238131,163,68,14
2008_05_08,47,43.8935138,8.9222409,163,61,15
2008_05_16,48,46.8710606,10.6816775,163,70,17
2008_05_24,52,51.1505601,7.8285766,163,68,21
2008_06_01,47,47.4384797,11.2102258,163,70,17
2008_06_09,53,51.6626073,9.993897,163,68,11
2008_06_17,55,52.5966986,11.3053753,163,68,19
2008_06_25,50,48.1010632,8.3217371,163,64,16
2008_07_03,53,50.7750636,12.8279788,163,68,7
2008_07_11,50,49.6934567,9.4113269,163,68,15
2008_07_19,25,36.6113503,18.399244499999998,163,68,16
2008_07_27,49,49.7829603,11.1750853,163,68,21
2008_08_04,49,44.8468235,12.0268152,163,67,10
2008_08_12,48,48.3478581,10.6682971,163,68,20
2008_08_20,17,20.752325,11.4056026,163,63,5
2008_08_28,48,44.7073235,8.8999482,163,62,17
2008_09_05,14,14.5993626,5.4752599,163,55,9
2008_09_13,25,29.572081,12.8680773,163,70,7
2008_09_21,44,39.2195847,9.5057544,163,49,5
2008_09_29,43,38.9888685,9.139836,163,56,14
2008_10_07,42,37.8839046,9.4918266,163,53,12
2008_10_15,28,28.3283543,7.7175915,163,54,11
2008_10_23,22,22.4072259,5.0912336,163,44,9
2008_10_31,14,15.0570368,3.3807411,163,31,7
2008_11_08,9,9.2562614,1.1604015,163,18,5
2008_11_16,8,8.0007849,1.495398,163,19,3
2008_11_24,9,8.3759009,1.2493967,163,17,4
2008_12_02,7,7.7274457,1.7719125,163,23,3
2008_12_10,7,7.4220679,1.2790197,163,15,3
2008_12_18,6,5.9898675,1.3737401,163,14,3
2008_12_26,7,7.5189211,1.3400661,163,17,3
2009_01_01,7,6.5619723,1.2352483,163,11,2
2009_01_09,7,7.437219,1.2747457,163,17,3
2009_01_17,7,6.9787836,1.2641908,163,17,3
2009_01_25,7,7.4511334,1.3595291,163,19,3
2009_02_02,7,7.4974907,1.3755198,163,19,3
2009_02_10,7,7.638061,1.4469686,163,21,3
2009_02_18,9,8.5568585,1.5441853,163,19,3
2009_02_26,9,8.85717,0.772178,163,11,5
2009_03_06,10,10.0171729,1.0560348,163,14,5
2009_03_14,10,10.7327974,1.7261192,163,21,6
2009_03_22,9,9.4442594,2.0931846,163,31,6
2009_03_30,13,12.955046,1.6230444,163,17,7
2009_04_07,14,14.076065,2.5730035,163,24,7
2009_04_15,18,18.2848274,5.0718872,163,52,10
2009_04_23,44,38.3021906,11.2723546,163,68,14
2009_05_01,28,33.9058821,18.6261367,163,70,6
2009_05_09,46,44.9350427,8.2185557,163,63,17
2009_05_17,53,46.853412,17.468532,163,70,10
2009_05_25,46,43.5282925,12.2442123,163,68,11
2009_06_02,57,52.6768784,13.6226852,163,68,12
2009_06_10,12,12.5971981,7.3027269,163,50,1
2009_06_18,36,37.9418215,21.1398331,163,70,6
2009_06_26,52,50.3097067,9.86653,163,68,21
2009_07_04,52,43.638061,17.0825244,163,68,12
2009_07_12,49,49.0272578,8.7705218,163,69,16
2009_07_20,28,36.1923269,16.2818503,163,70,11
2009_07_28,51,49.1928026,10.5361199,163,69,14
2009_08_05,55,50.2550008,14.107399,163,68,12
2009_08_13,16,20.6964536,14.063721,163,70,4
2009_08_21,9,10.5007017,7.9916306,163,70,3
2009_08_29,48,42.5894679,12.7044002,163,62,16
2009_09_06,48,43.8836429,9.0318001,163,55,16
2009_09_14,20,20.744238,6.2412874,163,59,10
2009_09_22,44,39.2709845,9.1150037,163,53,13
2009_09_30,41,36.4175011,10.0174826,163,53,12
2009_10_08,29,29.4829341,10.1819718,163,59,9
2009_10_16,24,25.0349166,5.8879088,163,46,9
2009_10_24,14,13.5786932,3.3456908,163,38,7
2009_11_01,11,11.2360678,1.7384169,163,23,6
2009_11_09,9,8.5294104,1.3762857,163,21,6
2009_11_17,4,4.2270295,1.6855654,163,21,1
2009_11_25,7,7.7240206,1.5988159,163,21,4
2009_12_03,7,6.8988654,1.2623734,163,19,3
2009_12_11,7,7.3382252,1.1697699,163,16,4
2009_12_19,8,8.1154057,1.5267818,163,20,5
2009_12_27,7,7.1981781,1.2928929,163,21,3
2010_01_01,7,7.7386723,1.3527294,163,19,3
2010_01_09,7,7.115477,1.1616658,163,17,3
2010_01_17,7,7.4982756,1.9033242,163,20,3
2010_01_25,7,6.8655424,1.4167928,163,22,3
2010_02_02,7,6.5853293,1.4659881,163,10,3
2010_02_10,7,7.446638,1.6325244,163,19,3
2010_02_18,7,7.8737245,1.6723166,163,21,4
2010_02_26,9,9.3977832,1.0053865,163,13,5
2010_03_06,10,10.2175154,1.9779735,163,25,6
2010_03_14,10,9.9504317,1.1295343,163,13,6
2010_03_22,10,10.6324953,1.6761383,163,17,6
2010_03_30,14,14.0880765,2.4336427,163,34,9
2010_04_07,29,31.7275171,9.9307967,163,66,13
2010_04_15,23,25.1606213,7.2496183,163,65,14
2010_04_23,42,37.2793331,9.2968047,163,65,15
2010_05_01,46,43.7947815,12.0860577,163,70,10
2010_05_09,43,37.7854577,10.1908322,163,59,11
2010_05_17,48,42.4865733,11.4999309,163,63,9
2010_05_25,44,40.9813286,12.8901034,163,70,14
2010_06_02,54,53.1197821,10.5000784,163,68,17
2010_06_10,56,54.8835954,9.7857126,163,68,20
2010_06_18,55,53.9839688,9.454352,163,68,25
2010_06_26,39,38.2425612,12.2508717,163,68,16
2010_07_04,49,47.4884999,9.2686697,163,67,18
2010_07_12,50,45.975977,13.3610731,163,70,8
2010_07_20,47,47.0715458,11.4367446,163,66,19
2010_07_28,26,28.5471541,15.271574,163,70,6
2010_08_05,44,38.0922389,11.0680424,163,57,16
2010_08_13,51,47.0264729,10.4188253,163,67,8
2010_08_21,47,43.1915896,9.2920303,163,62,13
2010_08_29,49,44.7564161,11.2215515,163,68,16
2010_09_06,43,41.5476298,10.3026686,163,63,12
2010_09_14,44,38.7056347,11.4986413,163,59,13
2010_09_22,30,30.5143306,11.0582137,163,54,11
2010_09_30,38,34.0616036,10.2369496,163,54,12
2010_10_08,33,32.3661489,10.3138305,163,52,11
2010_10_16,27,28.6909593,7.946114,163,51,11
2010_10_24,17,17.1214233,3.4166657,163,34,9
2010_11_01,13,13.4714221,2.204,163,30,8
2010_11_09,11,10.7787028,2.0245771,163,27,6
2010_11_17,9,9.6498347,1.5043315,163,24,6
2010_11_25,7,6.6667222,1.4312766,163,21,3
2010_12_03,7,7.5013201,1.4707046,163,21,3
2010_12_11,7,6.6186761,1.5876656,163,18,3
2010_12_19,7,7.703613,1.570648,163,21,3
2010_12_27,7,6.4297981,1.1307666,163,12,3
2011_01_01,7,7.2434412,1.3586983,163,19,3
2011_01_09,7,6.9516447,1.3298316,163,19,3
2011_01_17,5,4.9639892,1.0125488,163,11,2
2011_01_25,7,7.3609162,1.3054085,163,18,3
2011_02_02,7,7.0361297,1.4695269,163,23,3
2011_02_10,7,7.6224104,1.2956556,163,18,4
2011_02_18,9,9.27303,1.0541798,163,13,5
2011_02_26,9,8.9522394,0.917542,163,13,5
2011_03_06,10,9.9573294,1.1020427,163,14,5
2011_03_14,9,9.2800942,1.3226231,163,18,5
2011_03_22,9,8.5833314,0.9680041,163,14,6
2011_03_30,12,12.2200128,1.8071416,163,21,7
2011_04_07,16,15.9524297,3.9608248,163,60,9
2011_04_15,22,22.2867778,4.7542806,163,62,11
2011_04_23,43,37.5112623,11.1210327,163,55,13
2011_05_01,42,37.9342102,12.4520564,163,68,4
2011_05_09,43,40.6947649,10.8798246,163,68,9
2011_05_17,48,48.0180292,7.6214099,163,70,19
2011_05_25,56,53.8393787,11.5831795,163,68,22
2011_06_02,54,53.5693219,9.1761464,163,68,19
2011_06_10,45,43.697191,11.6952663,163,68,16
2011_06_18,53,50.13862,11.589212,163,68,6
2011_06_26,34,39.2260781,15.0204823,163,68,14
2011_07_04,49,45.3085888,9.6562897,163,66,14
2011_07_12,47,46.379207,13.7904367,163,67,16
2011_07_20,49,48.0539448,9.0808862,163,66,14
2011_07_28,52,48.595438,13.5916864,163,68,16
2011_08_05,52,45.6699094,16.2063875,163,68,16
2011_08_13,48,45.3253574,12.9564539,163,68,8
2011_08_21,51,46.4899508,12.4029114,163,67,16
2011_08_29,50,47.6614419,9.5109478,163,66,20
2011_09_06,48,45.7493281,9.9877753,163,66,15
2011_09_14,31,32.3769474,10.4813325,163,62,10
2011_09_22,42,36.6663178,10.3257858,163,56,12
2011_09_30,44,39.7463787,8.9375028,163,55,14
2011_10_08,24,24.5668007,5.2159652,163,49,12
2011_10_16,22,22.6850605,5.3716833,163,49,10
2011_10_24,18,17.7908808,2.9437242,163,40,9
2011_11_01,16,15.0943796,2.9684377,163,30,6
2011_11_09,10,9.9768095,1.3395885,163,21,6
2011_11_17,9,8.5765764,1.3669284,163,19,4
2011_11_25,8,8.2617558,1.5519654,163,19,5
2011_12_03,7,7.6900554,1.479431,163,18,3
2011_12_11,8,7.9966225,1.434901,163,18,5
2011_12_19,7,6.9219371,1.2422669,163,21,3
2011_12_27,7,6.9286921,1.2851846,163,19,3
2012_01_01,7,7.0780867,1.428987,163,22,3
2012_01_09,7,7.5885879,1.257953,163,14,4
2012_01_17,7,6.5757439,1.543649,163,23,3
2012_01_25,7,7.55957,1.3028399,163,19,4
2012_02_02,5,5.6645101,1.3485215,163,18,3
2012_02_10,7,7.7263754,1.3130841,163,19,5
2012_02_18,9,8.7220465,1.3316417,163,13,6
2012_02_26,10,9.6469091,1.871779,163,30,6
2012_03_05,10,10.1662346,1.1338247,163,14,6
2012_03_13,10,10.5909664,1.2788137,163,18,7
2012_03_21,13,13.162976,2.1720911,163,34,8
2012_03_29,18,19.433794,7.7790201,163,62,10
2012_04_06,32,36.0513522,11.6522692,163,68,14
2012_04_14,42,38.8656376,16.1850421,163,68,13
2012_04_22,45,42.3484052,8.0534787,163,60,15
2012_04_30,49,47.3541374,10.1136416,163,68,9
2012_05_08,10,15.7114621,16.2558837,163,70,1
2012_05_16,51,47.7780843,12.7285637,163,67,15
2012_05_24,53,52.8924435,10.060927,163,68,19
2012_06_01,51,49.0371524,12.2993788,163,70,12
2012_06_09,31,36.9687701,13.488458,163,67,16
2012_06_17,50,49.6472897,8.6719782,163,68,13
2012_06_25,54,52.7154104,10.8746861,163,68,21
2012_07_03,51,50.4098899,8.6082911,163,68,20
2012_07_11,16,25.1095307,17.9800409,163,70,5
2012_07_19,42,40.4350784,19.6952506,163,68,11
2012_07_27,54,50.2798801,12.5948574,163,68,8
2012_08_04,17,26.0380087,20.3477132,163,70,7
2012_08_12,48,46.2739338,6.1104972,163,67,21
2012_08_20,10,14.6371334,13.0599736,163,70,6
2012_08_28,25,28.2247223,16.46244,163,69,2
2012_09_05,44,42.7386961,7.5733258,163,60,16
2012_09_13,24,27.9179412,12.0826504,163,64,7
2012_09_21,44,40.3378684,8.0353673,163,56,15
2012_09_29,13,18.9719811,12.2906267,163,45,8
2012_10_07,22,22.6332802,4.5542882,163,42,11
2012_10_15,18,18.7642652,3.0309729,163,40,10
2012_10_23,15,15.2748139,2.4613387,163,40,8
2012_10_31,7,7.3193397,2.0306285,163,21,3
2012_11_08,10,9.7486621,1.4225723,163,23,6
2012_11_16,8,8.2189187,1.3815264,163,20,6
2012_11_24,8,8.302262,1.5090279,163,22,5
2012_12_02,7,7.6926004,1.4842062,163,21,3
2012_12_10,4,3.8251076,1.0878807,163,10,1
2012_12_18,7,7.0363675,1.2482514,163,17,3
2012_12_26,6,6.7101063,2.1056266,163,15,3
2013_01_01,7,7.1525343,1.3453639,163,18,3
2013_01_09,3,3.9950527,2.9672203,163,30,1
2013_01_17,7,6.7864092,1.3296617,163,18,3
2013_01_25,7,7.6725257,1.4646011,163,22,4
2013_02_02,5,5.7672145,1.3376484,163,12,3
2013_02_10,7,8.2843755,2.2017618,163,21,5
2013_02_18,9,9.1409747,1.3684145,163,19,3
2013_02_26,9,8.595438,1.5143312,163,13,3
2013_03_06,7,7.6108984,1.1088183,163,13,3
2013_03_14,10,10.6641296,1.2693902,163,19,6
2013_03_22,11,10.7476631,1.6817651,163,15,6
2013_03_30,12,11.5748638,1.7561664,163,17,7
2013_04_07,16,15.8605237,1.6997076,163,20,8
2013_04_15,19,22.0207882,14.0803467,163,67,7
2013_04_23,45,40.6569227,9.1070887,163,66,16
2013_05_01,6,6.4206646,2.7094069,163,16,2
2013_05_09,50,48.0505197,12.5604354,163,70,10
2013_05_17,46,43.9317603,11.1007553,163,68,8
2013_05_25,50,49.4358871,7.9854916,163,66,23
2013_06_02,43,35.0581785,16.5240317,163,58,9
2013_06_10,58,53.3344195,14.0883289,163,70,12
2013_06_18,50,48.1545323,9.8173044,163,70,16
2013_06_26,46,43.4848132,16.240732,163,70,11
2013_07_04,41,37.5085746,18.812191,163,70,3
2013_07_12,42,37.2936993,17.8689931,163,70,8
2013_07_20,50,49.1430202,10.4633336,163,67,2
2013_07_28,38,37.665747,14.8722792,163,69,10
2013_08_05,55,50.2813072,13.5027177,163,68,10
2013_08_13,49,40.5753395,13.2490738,163,63,16
2013_08_21,45,42.590348,7.404453,163,63,16
2013_08_29,51,47.2116167,12.6135298,163,66,12
2013_09_06,49,47.4947316,9.3114729,163,67,18
2013_09_14,45,41.2134957,9.051627,163,58,15
2013_09_22,32,33.608948,16.0365798,163,70,3
2013_09_30,43,38.2367576,9.5184835,163,54,13
2013_10_08,18,17.693861,4.9317064,163,47,5
2013_10_16,16,16.4421664,2.584461,163,26,7
2013_10_24,20,20.2785957,3.7391216,163,42,10
2013_11_01,10,9.8784578,1.6723166,163,23,6
2013_11_09,9,9.3248579,1.5005488,163,22,6
2013_11_17,8,7.8020122,1.3352264,163,18,3
2013_11_25,8,8.4009229,1.4952218,163,21,5
2013_12_03,3,2.5822848,0.8043598,163,4,1
2013_12_11,8,7.9061199,1.4108829,163,19,4
2013_12_19,7,7.2743857,1.2388993,163,13,3
2013_12_27,8,7.8420427,1.3285856,163,17,4
2014_01_01,7,7.6179626,1.3504738,163,18,4
2014_01_09,7,7.4255643,1.4303033,163,20,3
2014_01_17,7,7.7303713,1.6825482,163,23,4
2014_01_25,7,7.3557073,1.5289496,163,21,3
2014_02_02,5,4.9518112,0.8909446,163,9,2
2014_02_10,6,5.6178674,1.1205014,163,9,3
2014_02_18,9,8.6248127,1.4507873,163,19,5
2014_02_26,9,9.3170563,1.2448093,163,17,5
2014_03_06,10,10.2783341,1.2249984,163,15,5
2014_03_14,10,9.8432795,1.0957749,163,15,5
2014_03_22,10,10.3543277,1.0722691,163,14,7
2014_03_30,12,11.5457032,1.293475,163,16,7
2014_04_07,11,11.8378327,3.2761311,163,41,6
2014_04_15,17,17.0895512,3.2054848,163,51,8
2014_04_23,22,23.3251671,5.62876,163,66,12
2014_05_01,42,33.6016221,12.8461101,163,66,8
2014_05_09,49,49.1827177,8.2286292,163,69,21
2014_05_17,46,44.4454011,11.0436775,163,68,16
2014_05_25,51,50.4149799,8.822056,163,68,17
2014_06_02,46,45.0720453,7.9161504,163,68,15
2014_06_10,55,53.791737,9.8738934,163,68,19
2014_06_18,49,42.1601694,19.3396888,163,70,2
2014_06_26,51,48.4329377,9.8223714,163,67,16
2014_07_04,43,39.5699879,9.8075232,163,59,16
2014_07_12,49,47.349095,11.577391,163,68,17
2014_07_20,26,30.6456009,17.616656,163,68,6
2014_07_28,37,37.8128583,17.8690542,163,70,6
2014_08_05,51,47.2515996,11.4446961,163,70,7
2014_08_13,49,48.1800062,10.0942191,163,68,19
2014_08_21,47,45.4344124,6.7975239,163,61,17
2014_08_29,50,45.5004876,12.5137374,163,67,17
2014_09_06,8,7.6893181,1.9309664,163,14,4
2014_09_14,44,41.4822444,8.7443696,163,62,16
2014_09_22,44,36.3263801,12.6026486,163,58,13
2014_09_30,41,36.4800086,9.6137925,163,52,13
2014_10_08,26,26.4543444,6.400111,163,45,11
2014_10_16,25,25.8966296,6.2884423,163,44,12
2014_10_24,19,19.1810527,4.5104168,163,43,10
2014_11_01,13,13.6692196,2.1531033,163,27,7
2014_11_09,11,10.6630592,1.6942959,163,24,6
2014_11_17,9,8.7485907,1.30731,163,18,6
2014_11_25,8,7.807792,1.3260052,163,19,3
2014_12_03,7,7.4785339,1.922919,163,21,3
2014_12_11,7,7.2922484,1.0614738,163,15,4
2014_12_19,7,6.8221821,1.3541755,163,17,3
2014_12_27,7,7.2184192,1.2445674,163,18,3
2015_01_01,7,7.4140761,1.2542374,163,18,4
2015_01_09,7,7.2425374,1.6572368,163,19,4
2015_01_17,7,7.2466285,1.4118429,163,21,3
2015_01_25,7,6.7720667,1.5900818,163,23,3
2015_02_02,5,5.3592512,1.842984,163,17,3
2015_02_10,6,6.0848655,1.5094518,163,22,3
2015_02_18,7,7.0158885,5.1760384,163,70,3
2015_02_26,2,2.3812525,1.0357747,163,6,1
2015_03_06,9,8.9305949,0.9993788,163,14,5
2015_03_14,10,9.5620912,0.9484432,163,12,5
2015_03_22,9,9.3228837,0.8815163,163,15,6
2015_03_30,12,11.7995861,2.3103516,163,36,6
2015_04_07,15,14.5065766,1.7597205,163,23,8
2015_04_15,20,20.7479723,4.729564,163,62,14
2015_04_23,29,31.4898318,9.8365352,163,66,18
2015_05_01,54,51.4647385,11.9658641,163,68,21
2015_05_09,50,49.555907,10.0040979,163,68,19
2015_05_17,52,48.6263349,12.7360249,163,70,11
2015_05_25,21,29.7231882,19.1394643,163,70,5
2015_06_02,53,47.3894346,15.2493397,163,68,10
2015_06_10,56,53.6733107,10.4212238,163,69,24
2015_06_18,55,53.4795329,8.516491,163,68,22
2015_06_26,55,53.4839569,7.2153291,163,68,23
2015_07_04,48,45.6966677,9.4358182,163,66,20
2015_07_12,54,50.7911424,13.3054827,163,70,10
2015_07_20,55,44.1293438,20.1880579,163,68,10
2015_07_28,53,51.1405466,9.3653798,163,68,18
2015_08_05,48,46.2850653,7.6099936,163,66,16
2015_08_13,50,46.1891873,11.7868041,163,70,3
2015_08_21,50,47.1418072,9.7395416,163,63,20
2015_08_29,43,39.5265324,9.791757,163,68,14
2015_09_06,18,28.5974835,20.6061684,163,70,2
2015_09_14,44,41.118688,8.7779728,163,58,14
2015_09_22,1,1.2613277,0.6491482,163,5,1
2015_09_30,32,32.6392265,9.7344469,163,48,12
2015_10_08,25,26.3513546,6.5086271,163,46,11
2015_10_16,23,24.2116642,5.7732115,163,56,11
2015_10_24,15,14.9296435,2.6315515,163,34,8
2015_11_01,3,4.7960421,8.0564645,163,70,0
2015_11_09,9,8.7357467,1.5926361,163,21,3
2015_11_17,7,7.6835383,1.3124247,163,16,3
2015_11_25,7,6.9546892,1.3976963,163,18,3
2015_12_03,7,7.6789715,1.3558421,163,18,3
2015_12_11,7,7.1126704,1.1307998,163,12,3
2015_12_19,7,7.0741384,1.1764753,163,17,3
2015_12_27,7,7.2639916,1.2836901,163,13,3
2016_01_01,7,7.3931451,1.5872625,163,19,3
2016_01_09,7,6.764503,1.342227,163,16,3
2016_01_17,7,7.1129558,1.0589888,163,15,4
2016_01_25,7,6.9832552,1.4070362,163,20,3
2016_02_02,7,7.0548248,1.1018719,163,17,3
2016_02_10,7,7.5927027,1.4401636,163,18,4
2016_02_26,9,9.285208,1.456251,163,16,5
2016_03_05,9,9.1215422,0.7659135,163,12,6
2016_03_13,9,9.7108674,1.3953515,163,21,6
2016_03_21,10,10.6990462,1.1442335,163,14,7
2016_03_29,14,14.6568513,2.3649332,163,30,8
2016_04_06,16,16.1737031,3.9288144,163,55,10
2016_04_14,21,24.8612849,10.8816579,163,59,11
2016_04_22,50,48.5261994,9.9713429,163,68,16
2016_04_30,50,44.4160027,16.4628996,163,68,3
2016_05_08,49,48.1378351,7.1928323,163,65,26
2016_05_16,41,38.2119497,10.3948144,163,70,15
2016_05_24,52,48.9359703,12.5573995,163,68,18
2016_06_01,52,52.0289941,10.0091982,163,68,19
2016_06_09,49,48.499774,8.2464897,163,68,20
2016_06_17,42,39.7269938,10.3759545,163,70,17
2016_06_25,44,39.6353971,13.1354235,163,66,8
2016_07_03,56,54.2227719,9.6625903,163,68,20
2016_07_11,52,48.357396,11.5896212,163,67,18
2016_07_19,50,49.204053,7.6322175,163,67,21
2016_07_27,50,43.6546155,17.9997344,163,68,10
2016_08_04,25,32.0653141,18.7680173,163,70,5
2016_08_12,50,48.2118545,8.4991802,163,68,22
2016_08_20,48,45.8477511,7.8121168,163,62,19
2016_08_28,19,20.2342602,8.9932205,163,59,6
2016_09_05,46,43.988821,6.5583482,163,62,18
2016_09_13,45,39.7156721,9.4853491,163,58,17
2016_09_21,29,32.1783174,14.025718,163,59,10
2016_09_29,15,20.1757249,10.9178428,163,50,8
2016_10_07,36,33.8970816,9.3033285,163,62,11
2016_10_15,28,29.3547558,7.9061547,163,58,11
2016_10_23,22,22.1715624,4.4809053,163,44,10
2016_10_31,14,14.5625907,2.4427503,163,33,8
2016_11_08,12,11.8284613,1.8536137,163,23,6
2016_11_16,10,10.3820612,1.5784407,163,23,6
2016_11_24,8,7.9402279,1.378226,163,19,4
2016_12_02,7,7.8171872,1.3842209,163,18,4
2016_12_10,7,7.4029922,1.1693194,163,14,3
2016_12_18,7,7.3638894,1.2583718,163,18,4
2016_12_26,7,6.7931404,0.9662528,163,12,3
2017_01_01,5,6.0926432,4.6226739,163,40,2
2017_01_09,6,6.1512975,1.4424877,163,12,3
2017_01_17,7,6.9888685,1.3265727,163,19,3
2017_01_25,7,7.5908713,1.4015686,163,19,4
2017_02_02,7,7.6260971,1.47966,163,21,3
2017_02_10,8,7.7973265,1.3960257,163,19,4
2017_02_18,10,9.9364222,1.1511858,163,16,6
2017_02_26,10,10.2032919,1.8119671,163,29,6
2017_03_06,10,10.4717313,1.0851441,163,15,7
2017_03_14,10,10.4514901,1.8526388,163,29,6
2017_03_22,10,10.3989011,1.1862245,163,14,6
2017_03_30,13,13.0482125,1.4397977,163,20,8
2017_04_07,17,21.151678,11.6919285,163,62,12
2017_04_15,37,37.395262,9.6266877,163,64,17
2017_04_23,9,14.0754228,13.1424131,163,70,4
2017_05_01,48,46.7466879,10.1833099,163,68,21
2017_05_09,58,55.4863116,10.2765955,163,68,18
2017_05_17,51,50.9578527,8.1126938,163,68,21
2017_05_25,43,39.1067716,11.9668517,163,68,13
2017_06_02,54,52.3801346,9.2566177,163,70,19
2017_06_10,54,52.4722308,10.8146442,163,68,20
2017_06_18,40,36.4289656,12.1950352,163,65,11
2017_06_26,40,40.7818662,14.6628282,163,68,18
2017_07_04,53,50.8935376,11.207328,163,70,17
2017_07_12,53,51.9520967,10.4152953,163,68,14
2017_07_20,51,51.225864,9.2047604,163,68,22
2017_07_28,22,33.741693,20.9080529,163,70,6
2017_08_05,47,45.617249,9.2623897,163,66,11
2017_08_13,48,45.7329877,13.2449171,163,70,10
2017_08_21,48,43.7255905,11.6755349,163,65,7
2017_08_29,48,44.4094142,8.3566074,163,66,18
2017_09_06,47,44.3081369,8.2355194,163,62,15
2017_09_14,44,42.1068192,8.0221146,163,59,16
2017_09_22,42,38.0334657,8.9859815,163,56,14
2017_09_30,43,37.675261,9.872319,163,54,13
2017_10_08,16,18.5609733,8.7355931000000009,163,64,8
2017_10_16,22,22.7663583,5.4253806,163,45,12
2017_10_24,19,19.6507147,4.6756517,163,43,10
2017_11_01,8,8.6509764,3.226049,163,26,5
2017_11_09,9,9.1484908,1.6682154,163,22,6
2017_11_17,9,9.0123445,1.5365618,163,23,6
2017_11_25,8,8.1827653,1.47612,163,19,4
2017_12_03,8,8.0131532,1.5044816,163,21,3
2017_12_11,7,7.3842019,1.2153435,163,13,3
2017_12_19,5,4.4855029,1.1252945,163,13,1
2017_12_27,6,6.1451133,1.6119683,163,19,3
2018_01_01,7,7.1953476,1.54516,163,19,3
2018_01_09,7,7.4191899,1.368717,163,19,3
2018_01_17,6,6.0630307,2.5631253,163,23,2
2018_01_25,7,7.3266418,1.3778436,163,19,3
2018_02_02,7,7.0918821,1.3667908,163,18,3
2018_02_10,1,1.1584806,0.3712544,163,3,1
2018_02_18,6,6.2705088,1.8854429,163,16,3
2018_02_26,9,9.473539,1.2128945,163,14,5
2018_03_06,5,5.2927717,1.2934168,163,14,3
2018_03_14,7,7.2347121,1.8628903,163,15,3
2018_03_22,10,10.3370121,1.7865722,163,28,6
2018_03_30,11,11.0008087,2.064816,163,16,6
2018_04_07,12,12.5009157,1.8447599,163,22,7
2018_04_15,19,18.9483386,3.6902746,163,56,11
2018_04_23,29,35.0169588,13.1108644,163,66,14
2018_05_01,49,46.0380563,11.1498337,163,68,16
2018_05_09,55,52.4855029,11.611865,163,69,15
2018_05_17,21,32.2180625,20.2200622,163,70,7
2018_05_25,39,36.0007849,15.1016927,163,62,7
2018_06_02,51,49.9782128,10.3241819,163,68,14
2018_06_10,42,39.3901244,13.8467902,163,70,14
2018_06_18,54,52.3029042,9.2212324,163,68,21
2018_06_26,30,36.1358847,17.6184356,163,70,9
2018_07_04,53,48.8808125,14.486093,163,70,15
2018_07_12,45,43.4437124,11.8650434,163,70,11
2018_07_20,43,39.3784221,16.2788726,163,70,13
2018_07_28,8,16.8154746,20.578518,163,70,1
2018_08_05,52,51.1416407,7.0605794,163,68,22
2018_08_13,47,46.633304,8.0138388,163,66,20
2018_08_21,49,47.3304236,6.4272464,163,66,20
2018_08_29,43,39.7182408,9.6077263,163,70,9
2018_09_06,13,20.3725709,17.5681186,163,70,4
2018_09_14,44,39.5956283,9.7460896,163,58,11
2018_09_22,44,39.2231287,9.2572398,163,55,12
2018_09_30,30,31.7515163,8.6829563,163,56,14
2018_10_08,18,23.2871822,14.7586452,163,57,6
2018_10_16,24,24.3990914,7.4945223,163,53,9
2018_10_24,22,22.6771639,4.8667208,163,43,11
2018_11_01,11,11.0047332,2.3048387,163,30,6
2018_11_09,9,8.4240183,1.5169386,163,21,6
2018_11_17,9,8.6665319,1.4456414,163,18,3
2018_11_25,7,7.6104227,1.4777255,163,21,3
2018_12_03,5,5.7415741,1.3938132,163,17,3
2018_12_11,7,7.3326594,1.3626539,163,14,3
2018_12_19,7,7.7724235,1.5457201,163,21,3
2018_12_27,3,3.2319292,0.810745,163,5,1
2019_01_01,5,5.7528721,1.4311715,163,18,3
2019_01_09,7,7.5052208,1.3167765,163,16,3
2019_01_17,6,6.0889328,1.5362679,163,18,3
2019_01_25,7,7.7754442,1.5421609,163,22,4
2019_02_02,8,7.9479105,1.3078281,163,18,5
2019_02_10,7,7.6285945,1.4473588,163,21,4
2019_02_18,10,9.9130176,1.3974,163,16,5
2019_02_26,7,6.7297529,1.089402,163,14,3
2019_03_06,10,9.9111148,1.2273619,163,15,5
2019_03_14,7,7.2188236,1.0616511,163,13,4
2019_03_22,12,11.5257712,1.621606,163,16,7
2019_03_30,9,8.9846586,1.4935595,163,16,6
2019_04_07,11,11.4312965,1.753979,163,27,6
2019_04_15,22,23.5014866,6.1273081,163,62,13
2019_04_23,54,48.4478986,14.9322582,163,68,11
2019_05_01,38,34.9051447,11.9828374,163,66,11
2019_05_09,20,28.6538544,19.7826079,163,70,5
2019_05_17,46,43.5614728,14.3566986,163,69,12
2019_05_25,48,47.5347382,8.6982442,163,68,17
2019_06_02,44,38.7470447,11.4330482,163,67,8
2019_06_10,48,46.2113313,7.9222909,163,65,18
2019_06_18,50,46.8305782,11.1331726,163,68,10
2019_06_26,53,53.2882525,10.2330406,163,68,17
2019_07_04,47,42.0954737,14.3000226,163,68,7
2019_07_12,54,50.1009681,12.1200663,163,68,17
2019_07_20,48,46.279785,8.5673479,163,66,9
2019_07_28,53,51.1816711,11.2884936,163,68,16
2019_08_05,49,47.0971386,9.4611014,163,66,9
2019_08_13,46,42.1919701,13.3932605,163,70,8
2019_08_21,49,44.2866827,11.3239901,163,62,7
2019_08_29,48,45.1369075,7.7439062,163,64,18
2019_09_06,47,43.9895107,7.8672652,163,56,18
2019_09_14,44,39.0777062,8.4624736,163,56,15
2019_09_22,44,39.3561116,9.3194405,163,53,12
2019_09_30,33,33.4422853,9.3640535,163,49,12
2019_10_08,25,25.7133887,7.0804457,163,49,11
2019_10_16,18,18.5824751,3.6085825,163,39,8
2019_10_24,13,12.6825155,1.9330314,163,25,8
2019_11_01,13,14.0759936,2.9102137,163,28,7
2019_11_09,11,11.5779797,1.9669443,163,23,6
2019_11_17,9,8.6269771,1.5341349,163,21,5
2019_11_25,9,8.7156245,1.5344048,163,20,4
2019_12_03,7,7.4782485,1.3969151,163,18,4
2019_12_11,7,7.7500892,1.3381267,163,16,3
2019_12_19,7,7.4105559,1.6186556,163,22,3
2019_12_27,6,6.4072497,1.4145861,163,20,3
2020_01_01,7,6.8821207,1.3711897,163,20,3
2020_01_09,6,5.8526509,1.2738005,163,12,1
2020_01_17,7,7.5018196,1.483293,163,21,3
2020_01_25,8,8.1250624,1.5516258,163,22,4
2020_02_02,5,5.8194705,1.4916683,163,19,3
2020_02_10,8,8.0116309,1.3104157,163,17,4
2020_02_18,9,9.6492876,1.1222132,163,15,5
2020_02_26,10,10.6208881,1.3651927,163,15,6
2020_03_05,11,10.950289,2.1231781,163,31,6
2020_03_13,7,7.0121067,1.5166657,163,14,3
2020_03_21,10,10.0744238,2.3195539,163,34,6
2020_03_29,16,16.5553124,3.6957984,163,55,8
2020_04_06,28,33.5203244,11.7622322,163,62,15
2020_04_14,47,43.157886,10.1065385,163,62,15
2020_04_22,53,48.6465286,14.6640167,163,68,17
2020_04_30,50,49.9594939,10.047117,163,68,17
2020_05_08,50,46.9431059,12.1739806,163,68,13
2020_05_16,51,50.7111529,9.7396111,163,68,15
2020_05_24,50,46.0587256,16.5859551,163,70,9
2020_06_01,56,51.8548629,10.8745719,163,68,16
2020_06_09,46,45.354851,12.7325668,163,68,16
2020_06_17,43,40.0171729,13.041297,163,70,11
2020_06_25,53,50.1720619,11.5439551,163,70,7
2020_07_03,45,42.694194,9.9985358,163,61,13
2020_07_11,51,51.6520229,6.7289511,163,66,25
2020_07_19,55,53.3933354,10.8125767,163,68,16
2020_07_27,48,46.5164474,8.2849212,163,65,16
2020_08_04,51,49.3249768,7.6792271,163,70,14
2020_08_12,30,31.5792879,18.9199808,163,70,6
2020_08_20,48,45.8483457,7.2480294,163,55,15
2020_08_28,45,42.9271222,7.3723189,163,65,16
2020_09_05,47,45.3565159,6.3190482,163,63,21
2020_09_13,43,40.1585044,8.9210681,163,62,13
2020_09_21,15,17.3235021,5.5919025,163,41,10
2020_09_29,41,37.6149894,8.2896445,163,55,11
2020_10_07,19,19.2710558,3.6222721,163,43,10
2020_10_15,23,23.1235164,5.7027568,163,59,11
2020_10_23,12,13.9228647,4.5156542,163,48,6
2020_10_31,13,13.0350356,2.3021753,163,25,6
2020_11_08,10,10.0523274,1.7284943,163,24,6
