date,Lai_500m_med,Lai_500m_mean,Lai_500m_std,Lai_500m_cnt,Lai_500m_max,Lai_500m_min
NA,NA,NA,NA,NA,NA,NA
NA,NA,NA,NA,NA,NA,NA
NA,NA,NA,NA,NA,NA,NA
NA,NA,NA,NA,NA,NA,NA
NA,NA,NA,NA,NA,NA,NA
NA,NA,NA,NA,NA,NA,NA
NA,NA,NA,NA,NA,NA,NA
NA,NA,NA,NA,NA,NA,NA
NA,NA,NA,NA,NA,NA,NA
NA,NA,NA,NA,NA,NA,NA
NA,NA,NA,NA,NA,NA,NA
NA,NA,NA,NA,NA,NA,NA
NA,NA,NA,NA,NA,NA,NA
NA,NA,NA,NA,NA,NA,NA
NA,NA,NA,NA,NA,NA,NA
NA,NA,NA,NA,NA,NA,NA
NA,NA,NA,NA,NA,NA,NA
NA,NA,NA,NA,NA,NA,NA
NA,NA,NA,NA,NA,NA,NA
NA,NA,NA,NA,NA,NA,NA
NA,NA,NA,NA,NA,NA,NA
NA,NA,NA,NA,NA,NA,NA
NA,NA,NA,NA,NA,NA,NA
NA,NA,NA,NA,NA,NA,NA
NA,NA,NA,NA,NA,NA,NA
NA,NA,NA,NA,NA,NA,NA
NA,NA,NA,NA,NA,NA,NA
NA,NA,NA,NA,NA,NA,NA
NA,NA,NA,NA,NA,NA,NA
NA,NA,NA,NA,NA,NA,NA
NA,NA,NA,NA,NA,NA,NA
NA,NA,NA,NA,NA,NA,NA
NA,NA,NA,NA,NA,NA,NA
NA,NA,NA,NA,NA,NA,NA
NA,NA,NA,NA,NA,NA,NA
NA,NA,NA,NA,NA,NA,NA
NA,NA,NA,NA,NA,NA,NA
NA,NA,NA,NA,NA,NA,NA
NA,NA,NA,NA,NA,NA,NA
NA,NA,NA,NA,NA,NA,NA
NA,NA,NA,NA,NA,NA,NA
NA,NA,NA,NA,NA,NA,NA
NA,NA,NA,NA,NA,NA,NA
NA,NA,NA,NA,NA,NA,NA
NA,NA,NA,NA,NA,NA,NA
NA,NA,NA,NA,NA,NA,NA
NA,NA,NA,NA,NA,NA,NA
NA,NA,NA,NA,NA,NA,NA
NA,NA,NA,NA,NA,NA,NA
NA,NA,NA,NA,NA,NA,NA
NA,NA,NA,NA,NA,NA,NA
NA,NA,NA,NA,NA,NA,NA
NA,NA,NA,NA,NA,NA,NA
NA,NA,NA,NA,NA,NA,NA
NA,NA,NA,NA,NA,NA,NA
NA,NA,NA,NA,NA,NA,NA
NA,NA,NA,NA,NA,NA,NA
NA,NA,NA,NA,NA,NA,NA
NA,NA,NA,NA,NA,NA,NA
NA,NA,NA,NA,NA,NA,NA
NA,NA,NA,NA,NA,NA,NA
NA,NA,NA,NA,NA,NA,NA
NA,NA,NA,NA,NA,NA,NA
NA,NA,NA,NA,NA,NA,NA
NA,NA,NA,NA,NA,NA,NA
NA,NA,NA,NA,NA,NA,NA
NA,NA,NA,NA,NA,NA,NA
NA,NA,NA,NA,NA,NA,NA
2000_02_26,9,9.7734119,2.027209,323,27,4
2000_03_05,10,10.2463932,2.3637401,323,34,4
2000_03_13,10,10.528604,2.8221678,323,39,6
2000_03_21,11,10.9766826,2.0261354,323,23,7
2000_03_29,13,14.0235125,3.6181951,323,37,7
2000_04_06,18,18.6995207,4.2304482,323,59,10
2000_04_14,25,30.1800388,10.2548281,323,62,13
2000_04_22,24,28.5251893,18.4754308,323,70,2
2000_04_30,47,46.8727058,8.8682166,323,68,17
2000_05_08,52,50.1920511,10.7218302,323,68,18
2000_05_16,47,45.4885182,9.0925593,323,67,15
2000_05_24,54,51.4624569,11.9400868,323,68,8
2000_06_01,51,49.7113257,10.6095453,323,68,7
2000_06_09,50,48.957914100000004,8.7836577,323,68,15
2000_06_17,52,51.1032696,11.4915002,323,70,7
2000_06_25,54,51.2362102,13.0313404,323,70,6
2000_07_03,49,46.8052171,11.5859683,323,68,13
2000_07_11,51,45.6867279,15.7774063,323,70,4
2000_07_19,45,43.2694179,7.0007045,323,59,18
2000_07_27,20,27.6439591,19.4987194,323,70,3
2000_08_04,5,13.2600154,19.162185,323,70,1
2000_08_12,11,17.4617617,17.4613717,323,70,1
2000_08_20,47,43.0316955,11.276453,323,66,10
2000_08_28,11,24.9984024,23.8090604,323,70,1
2000_09_05,17,21.3613093,13.1838847,323,70,5
2000_09_13,43,40.6083489,7.5769362,323,59,12
2000_09_21,18,20.796717,8.3782673,323,61,9
2000_09_29,31,32.6565324,8.5639208,323,59,13
2000_10_07,27,29.3710899,7.651888,323,48,12
2000_10_15,18,18.5346407,3.9360598,323,46,9
2000_10_23,16,16.5393358,3.6304452,323,43,8
2000_10_31,10,10.908633,2.545257,323,26,6
2000_11_08,9,9.2361858,1.6408844,323,23,5
2000_11_16,8,8.2759668,1.4681583,323,22,5
2000_11_24,8,8.0908914,1.5979312,323,23,3
2000_12_02,7,7.7783144,1.8739373,323,27,3
2000_12_10,7,7.4196027,1.546569,323,21,3
2000_12_18,7,7.4202856,1.7228539,323,24,3
2000_12_26,6,6.1750631,1.7731967,323,25,3
2001_01_01,7,7.1814534,1.8355139,323,25,3
2001_01_09,7,6.9770241,1.6652433,323,24,3
2001_01_17,7,7.432237,1.8143894,323,24,3
2001_01_25,7,7.268052,1.7596745,323,24,3
2001_02_02,7,6.9297674,1.6343465,323,23,3
2001_02_10,6,6.2979792,1.8946458,323,26,3
2001_02_18,8,8.1194893,1.5579494,323,20,5
2001_02_26,8,8.4235296,2.0283529,323,37,3
2001_03_06,9,9.5797632,1.8721155,323,33,4
2001_03_14,7,7.2928694,2.1499938,323,37,3
2001_03_22,10,10.4835425,2.495041,323,31,5
2001_03_30,10,10.5010183,2.5086495,323,31,6
2001_04_07,13,13.7860828,3.3668756,323,36,8
2001_04_15,23,24.6648618,6.726747,323,62,10
2001_04_23,45,42.7889243,11.7131418,323,68,15
2001_05_01,46,46.3915536,11.2057924,323,68,15
2001_05_09,48,44.3712484,14.4370766,323,70,11
2001_05_17,47,45.62091,8.226961,323,66,18
2001_05_25,49,45.5903609,11.9371427,323,67,11
2001_06_02,47,44.2004415,14.1544487,323,70,9
2001_06_10,48,45.6789351,16.2557817,323,68,2
2001_07_04,49,47.7685582,13.5963728,323,69,6
2001_07_12,49,49.095428,10.2329733,323,68,13
2001_07_20,46,45.4859328,11.2482392,323,70,11
2001_07_28,19,27.6428737,23.5885911,323,70,1
2001_08_05,52,52.4577007,8.4399919,323,68,7
2001_08_13,47,46.3095404,10.4506239,323,70,5
2001_08_21,51,51.2087708,7.7203964,323,68,21
2001_08_29,43,37.6371785,16.8362896,323,70,1
2001_09_06,47,44.3288943,9.3198193,323,66,13
2001_09_14,43,39.9741826,8.8754628,323,66,11
2001_09_22,44,41.0134636,8.6674712,323,56,12
2001_09_30,43,39.4355785,9.7184413,323,61,12
2001_10_08,35,33.5437749,10.7851904,323,54,10
2001_10_16,19,20.3521506,6.2093131,323,53,9
2001_10_24,16,16.3333821,3.3189836,323,42,8
2001_11_01,11,10.9348894,2.2331319,323,29,6
2001_11_09,9,9.5840070999999991,1.8422588,323,26,6
2001_11_17,9,8.8103026,1.9515993,323,27,5
2001_11_25,8,8.1182088,1.7159301,323,23,4
2001_12_03,7,7.1497457,1.4632406,323,21,3
2001_12_11,7,6.4645301,1.3971118,323,17,3
2001_12_19,7,7.3127965,1.4460558,323,19,3
2001_12_27,6,5.8767302,1.6334314,323,21,3
2002_01_01,4,3.7832413,1.4976778,323,18,1
2002_01_09,7,7.0195612,1.5205998,323,21,3
2002_01_17,5,5.350053,1.5698945,323,20,3
2002_01_25,7,7.1525506,1.6090495,323,22,3
2002_02_02,6,6.4881767,1.6133032,323,23,3
2002_02_10,7,7.519238,1.6936145,323,22,3
2002_02_18,9,9.4973719,1.6229231,323,22,5
2002_02_26,9,9.1544897,1.2260922,323,22,5
2002_03_06,9,9.5244576,1.5424545,323,25,5
2002_03_14,9,9.4187002,1.4522137,323,24,4
2002_03_22,0,0.2070757,0.4672359,323,2,0
2002_03_30,12,12.3214429,3.2310681,323,33,6
2002_04_07,12,12.5398968,2.4617501,323,25,6
2002_04_15,19,19.8391566,5.3922877,323,65,12
2002_04_23,45,42.9460725,8.9071385,323,68,14
2002_05_01,50,48.8113514,10.9015438,323,68,17
2002_05_09,49,49.101672,9.5591683,323,69,17
2002_05_17,52,50.248625,10.5901181,323,68,20
2002_05_25,51,47.7429237,11.5430496,323,68,15
2002_06_02,52,49.0737814,11.4121855,323,68,15
2002_06_10,48,46.7580824,11.5086674,323,67,14
2002_06_18,45,41.3832486,15.3619103,323,70,8
2002_06_26,48,47.8675838,8.436983,323,70,15
2002_07_04,42,39.4328833,19.5979795,323,70,6
2002_07_12,45,42.4222003,9.2555193,323,66,9
2002_07_20,47,39.4088586,17.9439765,323,70,2
2002_07_28,50,49.7188014,10.5041791,323,68,17
2002_08_05,54,50.9258771,10.780208,323,68,17
2002_08_13,48,44.6183978,11.1704923,323,68,13
2002_08_21,53,48.1836608,14.328552,323,68,11
2002_08_29,43,40.9281577,8.3432184,323,68,12
2002_09_06,47,45.2141124,8.5542149,323,68,15
2002_09_14,43,34.3185405,13.9050543,323,57,4
2002_09_22,33,32.7006915,17.1136152,323,70,4
2002_09_30,42,37.2994183,8.8712068,323,57,11
2002_10_08,31,31.2163075,13.7625937,323,56,5
2002_10_16,30,31.3092355,10.3753867,323,61,8
2002_10_24,1,6.5238235,13.4496676,323,70,1
2002_11_01,17,17.3493213,3.9491661,323,42,7
2002_11_09,9,9.3421871,2.4112023,323,23,3
2002_11_17,9,9.2206856,2.0901112,323,24,5
2002_11_25,8,8.2186124,1.7005896,323,23,6
2002_12_03,5,5.0912572,1.139731,323,16,3
2002_12_11,7,7.4860303,1.5842562,323,22,3
2002_12_19,7,7.8228637,2.0851112,323,26,3
2002_12_27,7,7.4268954,1.4397849,323,19,3
2003_01_01,7,6.5821047,1.3677344,323,19,3
2003_01_09,7,6.6359956,1.609127,323,21,3
2003_01_17,7,6.890267,1.746849,323,22,3
2003_01_25,5,5.2654301,2.1995243,323,24,3
2003_02_02,7,6.9941585,1.4899009,323,21,3
2003_02_10,7,7.0114636,1.722954,323,23,3
2003_02_18,7,6.5521653,1.9384415,323,11,2
2003_02_26,7,7.3923341,7.6208611,323,70,0
2003_03_06,9,9.5152624,1.5724202,323,26,6
2003_03_14,5,4.7687045,0.7464062,323,7,3
2003_03_22,9,9.8901084,1.9785195,323,25,4
2003_03_30,12,12.9970122,2.6555636,323,26,6
2003_04_07,15,15.3398212,2.9797664,323,35,8
2003_04_15,21,22.3512726,6.9944405,323,61,10
2003_04_23,31,33.5633239,9.7634572,323,64,16
2003_05_01,46,43.1152697,7.7868215,323,65,15
2003_05_09,44,41.8705228,8.0386626,323,66,18
2003_05_17,23,23.2535885,8.9216724,323,68,3
2003_05_25,46,43.6671301,8.2339334,323,66,9
2003_06_02,52,47.5926414,17.7015778,323,68,6
2003_06_10,45,40.1875755,13.3207025,323,68,5
2003_06_18,51,46.7597532,12.8724448,323,68,10
2003_06_26,48,47.054269,10.2055545,323,68,9
2003_07_04,51,50.4905792,9.2744092,323,68,18
2003_07_12,44,42.4157124,9.8342151,323,70,11
2003_07_20,44,38.68274,17.7105241,323,68,6
2003_07_28,20,26.8148392,18.6071954,323,70,2
2003_08_05,11,23.9362675,22.3461899,323,70,1
2003_08_13,25,31.1430261,20.1674113,323,70,2
2003_08_21,50,47.8907792,9.6350559,323,68,18
2003_08_29,46,42.6592885,10.4422577,323,65,15
2003_09_06,47,40.946475,13.3931931,323,64,4
2003_09_14,44,41.3780412,8.168822,323,66,15
2003_09_22,44,40.353675,8.8548301,323,56,12
2003_09_30,37,35.0422932,9.0465636,323,50,13
2003_10_08,25,26.047464,6.7594463,323,48,11
2003_10_16,22,23.1563312,5.6659646,323,49,10
2003_10_24,16,15.4062854,3.6341184,323,45,8
2003_11_01,12,12.1267942,2.9264255,323,26,6
2003_11_09,8,8.5166283,2.0188512,323,21,4
2003_11_17,9,9.0926475,1.8376536,323,22,6
2003_11_25,8,8.2220149,1.8078587,323,26,3
2003_12_03,8,8.5152014,1.7547981,323,24,5
2003_12_11,7,7.1601727,1.6885813,323,21,3
2003_12_19,7,7.1933316,1.4031361,323,20,3
2003_12_27,8,8.091306,1.9725906,323,26,3
2004_01_01,8,7.8789497,1.631717,323,23,3
2004_01_09,7,7.5190551,2.0868573,323,27,3
2004_01_17,7,7.8588154,1.7973569,323,24,3
2004_01_25,6,6.2939304,1.607494,323,23,3
2004_02_02,7,6.9057306,1.3674962,323,18,3
2004_02_10,5,5.3552604,1.6151558,323,21,3
2004_02_18,9,8.6818498,1.9212566,323,22,3
2004_02_26,9,9.4171392,1.4524975,323,28,3
2004_03_05,10,9.9608654,2.0710246,323,34,5
2004_03_13,10,10.0172441,1.8216125,323,28,5
2004_03_21,9,10.485884,3.0204218,323,40,4
2004_03_29,12,12.0482933,2.3516128,323,24,3
2004_04_06,11,11.7476067,2.1750895,323,26,7
2004_04_14,14,15.3833827,4.424661,323,48,9
2004_04_22,46,44.2569056,9.6575532,323,68,16
2004_04_30,47,45.8861084,8.7288187,323,67,18
2004_05_08,49,47.2935036,11.3546224,323,70,12
2004_05_16,49,44.7659118,12.1269623,323,70,9
2004_05_24,50,47.4814205,12.8007438,323,70,7
2004_06_01,46,43.7372529,9.5611465,323,68,6
2004_06_09,12,18.4734082,16.0264784,323,70,6
2004_06_17,50,48.1596605,11.9678774,323,70,13
2004_06_25,55,53.3531141,8.7176495,323,68,12
2004_07_03,54,52.364041,10.939553,323,68,8
2004_07_11,52,50.9807437,9.7512025,323,68,17
2004_07_19,54,51.8629495,12.4559375,323,69,6
2004_07_27,29,33.7066428,20.1392354,323,70,4
2004_08_04,51,49.5845437,8.6040666,323,68,17
2004_08_12,49,43.3581629,13.9228178,323,70,5
2004_08_20,27,30.7543141,12.3937608,323,70,2
2004_08_28,16,24.6712643,19.951665,323,70,3
2004_09_05,43,39.832437,8.8082753,323,70,3
2004_09_13,45,37.2354907,12.9616581,323,61,10
2004_09_21,44,39.4440542,10.4172128,323,57,10
2004_09_29,44,40.2206003,8.3856545,323,57,12
2004_10_07,41,34.7211673,9.6461725,323,51,10
2004_10_15,26,28.9190234,10.3728672,323,51,7
2004_10_23,3,3.7520336,5.6266145,323,70,1
2004_10_31,12,12.4402859,2.1437566,323,25,6
2004_11_08,11,11.1288796,2.0890608,323,23,6
2004_11_16,9,8.8113757,1.8903559,323,22,4
2004_11_24,8,8.3227966,1.8988502,323,18,4
2004_12_02,9,8.7889608,1.7354923,323,21,6
2004_12_10,7,7.8337907,1.8744385,323,21,3
2004_12_18,8,7.9735728,1.7202928,323,23,3
2004_12_26,7,7.7984732,1.6551397,323,21,3
2005_01_01,7,7.7098989,1.5619556000000001,323,20,3
2005_01_09,3,3.8358517,4.0931977,323,31,1
2005_01_17,7,7.2497957,1.4569911,323,19,3
2005_01_25,6,5.8219978,1.2724421,323,15,2
2005_02_02,7,7.3934682,1.7338954,323,23,3
2005_02_10,7,7.2571983,1.3215935,323,19,3
2005_02_18,7,7.8812912,2.1316054,323,22,3
2005_02_26,7,7.5212015,1.4596596,323,21,3
2005_03_06,9,9.4448103,1.4910456,323,24,6
2005_03_14,8,8.2851864,1.5069165,323,21,3
2005_03_22,10,10.6751424,3.3577075,323,41,5
2005_03_30,10,10.3530287,2.587213,323,32,6
2005_04_07,13,13.8188514,2.9754239,323,30,8
2005_04_15,26,29.2249174,9.2329975,323,62,10
2005_04_23,38,36.2923206,10.4922285,323,66,10
2005_05_01,46,43.7776802,8.9435164,323,66,12
2005_05_09,52,48.9109014,11.4708594,323,68,15
2005_05_17,49,47.7886925,8.7808789,323,70,13
2005_05_25,43,38.1901852,11.8794906,323,67,13
2005_06_02,20,26.3981756,21.3550609,323,70,2
2005_06_10,53,51.2953695,9.7488834,323,70,14
2005_06_18,52,49.9732314,9.9404133,323,70,14
2005_06_26,51,49.6941792,10.8241156,323,68,18
2005_07_04,52,47.7984366,13.9994708,323,70,12
2005_07_12,41,36.3218454,15.000863,323,70,8
2005_07_20,51,50.4525787,10.3326614,323,68,17
2005_07_28,52,51.2193319,10.7857201,323,68,9
2005_08_05,46,41.7838998,17.7625885,323,70,5
2005_08_13,53,50.9043403,10.5042949,323,68,20
2005_08_21,48,36.7433261,19.0504088,323,70,5
2005_08_29,49,45.4170417,10.7843443,323,68,15
2005_09_06,46,41.5186527,12.9383231,323,66,13
2005_09_14,46,39.3893096,11.318688999999999,323,60,11
2005_09_22,42,35.167685,10.6055821,323,58,8
2005_09_30,44,35.0832205,12.5575778,323,65,8
2005_10_08,41,29.9708167,14.1865497,323,53,6
2005_10_16,32,32.5867267,9.3980622,323,49,11
2005_10_24,26,27.6798498,8.6616203,323,49,8
2005_11_01,15,15.1162331,3.4311173,323,34,6
2005_11_09,12,11.4939572,2.1105243,323,30,5
2005_11_17,10,10.0519031,1.9124508,323,25,5
2005_11_25,9,9.2587105,1.88084,323,26,4
2005_12_03,6,6.0665008,1.5974212,323,20,3
2005_12_11,7,7.7095818,2.2541209,323,25,3
2005_12_19,8,7.958841,1.7110915,323,24,3
2005_12_27,7,7.0067928,1.5002292,323,22,3
2006_01_01,7,7.5721533,1.8036228,323,25,3
2006_01_09,7,6.7306187,1.5856895,323,22,3
2006_01_17,7,7.1692947,1.4063704,323,20,3
2006_01_25,7,7.0972329,1.7192784,323,23,3
2006_02_02,8,7.9865242,1.7338346,323,24,3
2006_02_10,7,7.7733265,1.6988979,323,23,3
2006_02_18,9,9.5812632,1.6316054,323,28,5
2006_02_26,9,8.934609,2.003328,323,32,3
2006_03_06,10,9.7423383,1.4926839,323,22,5
2006_03_14,10,10.55908,2.0839478,323,32,5
2006_03_22,10,10.5334089,2.3630871,323,39,6
2006_03_30,12,12.6139099,3.3652382,323,48,7
2006_04_07,14,14.2512836,3.2754657,323,41,6
2006_04_15,25,27.7277406,9.3679883,323,66,9
2006_04_23,32,34.9194746,10.6127737,323,66,14
2006_05_01,46,43.6851303,9.670783,323,67,15
2006_05_09,48,44.258808,14.544112,323,69,3
2006_05_17,54,51.9557068,10.0187012,323,68,16
2006_05_25,50,49.0071586,9.3099285,323,70,10
2006_06_02,48,47.3382236,8.9406683,323,70,9
2006_06_10,51,47.5675069,14.3140137,323,70,2
2006_06_18,50,46.860852,14.9796752,323,70,5
2006_06_26,53,49.2917231,14.0110732,323,69,13
2006_07_04,53,52.3296626,9.365694,323,68,19
2006_07_12,33,36.6222881,15.0948825,323,69,8
2006_07_20,52,50.574007,11.7702057,323,70,8
2006_07_28,56,54.6646788,11.10499,323,68,11
2006_08_05,10,16.0976231,14.148932,323,70,3
2006_08_13,44,36.0766473,16.2603148,323,68,6
2006_08_21,50,44.7082403,13.2698894,323,68,16
2006_08_29,47,39.617727,16.0300102,323,70,11
2006_09_06,48,44.5425432,8.9529052,323,67,5
2006_09_14,45,43.0992329,8.6694405,323,67,14
2006_09_22,45,41.6386907,8.7876376,323,61,14
2006_09_30,44,39.6046293,9.0022634,323,59,13
2006_10_08,43,39.2121733,9.4591888,323,60,12
2006_10_16,20,21.5850803,5.853781,323,48,9
2006_10_24,17,17.7628752,7.0467484,323,53,7
2006_11_01,11,10.9524262,2.2518575,323,25,6
2006_11_09,9,8.748814,2.015915,323,23,3
2006_11_17,9,8.5572263,1.9440604,323,22,5
2006_11_25,8,8.3190405,2.1233922,323,24,3
2006_12_03,8,8.3492847,1.8000853,323,23,5
2006_12_11,8,8.467213,1.8856853,323,24,5
2006_12_19,6,6.0097806,1.3786166,323,20,2
2006_12_27,7,7.2355517,1.7191725,323,23,3
2007_01_01,7,7.2357224,1.5406202,323,22,3
2007_01_09,7,7.8066684,1.7145163,323,23,4
2007_01_17,5,5.4247735,1.2557224,323,15,1
2007_01_25,7,7.840681,1.7086081,323,23,3
2007_02_02,7,6.9440969,1.817704,323,24,3
2007_02_10,7,7.5501774,1.4989061,323,21,3
2007_02_18,7,7.8224125,2.1614209,323,23,3
2007_02_26,10,10.0146099,2.0106542,323,28,5
2007_03_06,10,9.6871669,1.492883,323,22,4
2007_03_14,10,9.8760107,1.9987775,323,31,6
2007_03_22,10,10.1922828,2.3519388,323,35,6
2007_03_30,13,13.9542799,3.5692392,323,38,8
2007_04_07,19,19.08094,4.7500978,323,60,9
2007_04_15,21,22.9956585,8.3487976,323,62,11
2007_04_23,25,28.5762631,11.173677,323,68,12
2007_05_01,46,42.0928426,9.0447813,323,65,14
2007_05_09,49,47.1104038,13.3520478,323,68,16
2007_05_17,48,47.5116648,11.4233817,323,68,15
2007_05_25,49,46.5854218,8.9443716,323,66,14
2007_06_02,44,43.2346248,13.0038154,323,70,11
2007_06_10,44,41.4203832,9.8670338,323,70,13
2007_06_18,49,48.1512701,10.0045787,323,70,18
2007_06_26,55,52.6267272,11.4576526,323,68,20
2007_07_04,49,47.7882047,11.0964115,323,67,11
2007_07_12,46,42.98189,9.3202317,323,70,17
2007_07_20,47,41.5128965,16.1108869,323,70,6
2007_07_28,45,41.4362736,14.8318309,323,70,7
2007_08_05,49,48.4647984,12.0703232,323,68,14
2007_08_13,48,45.8227052,14.4864906,323,68,16
2007_08_21,48,42.2452957,15.0235177,323,68,11
2007_08_29,46,40.5951658,11.0243492,323,66,11
2007_09_06,43,39.1960024,13.2518901,323,65,14
2007_09_14,45,37.3372358,13.1607027,323,68,10
2007_09_22,46,40.3845657,11.8560168,323,68,11
2007_09_30,21,28.0063903,14.7449915,323,61,5
2007_10_08,43,36.3519677,10.8660633,323,55,10
2007_10_16,22,25.7758631,10.9971611,323,55,9
2007_10_24,20,21.1241844,5.024082,323,49,7
2007_11_01,14,14.5993854,3.1692021,323,39,7
2007_11_09,13,13.2054415,2.4672844,323,34,7
2007_11_17,9,9.4593958,1.9198092,323,27,5
2007_11_25,8,8.0154392,1.6189908,323,19,3
2007_12_03,8,8.291406,1.7949502,323,22,3
2007_12_11,9,8.6867035,1.4375197,323,22,5
2007_12_19,7,7.3812486,1.6549255,323,23,3
2007_12_27,8,8.3086623,1.6375573,323,22,5
2008_01_01,7,7.6933987,1.6820579,323,21,3
2008_01_09,8,8.0005366,1.8081238,323,25,5
2008_01_17,6,6.516677,1.5862092,323,22,3
2008_01_25,8,7.8271198,1.7152597,323,24,3
2008_02_02,6,6.2284174,1.7384004,323,21,3
2008_02_10,7,7.2633325,1.6260503,323,23,3
2008_02_18,9,9.6885328,1.9874135,323,24,4
2008_02_26,10,10.1996366,1.884292,323,35,5
2008_03_05,9,9.9060842,2.058784,323,31,6
2008_03_13,10,10.9350968,2.4320339,323,25,6
2008_03_21,10,10.5908853,2.1541893,323,32,6
2008_03_29,0,0.0709521,0.2910546,323,2,0
2008_04_06,12,13.1434896,3.4989123,323,39,7
2008_04_14,16,16.8695472,4.3548609,323,61,9
2008_04_22,44,37.4898718,10.1668338,323,66,8
2008_04_30,45,44.8756326,11.8189381,323,68,14
2008_05_08,46,44.1244162,8.334286,323,66,15
2008_05_16,46,45.9794266,9.8230352,323,70,17
2008_05_24,52,50.9153526,8.9775712,323,68,17
2008_06_01,46,46.0740863,10.4743152,323,70,17
2008_06_09,53,50.8027781,10.0867662,323,68,11
2008_06_17,51,47.9248284,13.4077483,323,68,9
2008_06_25,50,48.0775619,8.9575472,323,68,16
2008_07_03,52,45.8352175,18.3212427,323,70,2
2008_07_11,51,50.3595044,9.3437558,323,68,15
2008_07_19,30,37.2579056,16.2557115,323,68,10
2008_07_27,51,51.5296162,10.8128875,323,68,19
2008_08_04,50,44.3493213,13.7695481,323,67,10
2008_08_12,48,47.3256137,10.6039543,323,68,6
2008_08_20,17,24.0201954,15.4337443,323,70,5
2008_08_28,48,45.0627325,10.3101479,323,68,17
2008_09_05,15,15.6524592,5.6745198,323,55,8
2008_09_13,33,33.6993622,12.827299,323,70,5
2008_09_21,44,39.3034671,9.540766,323,54,5
2008_09_29,43,38.4172978,9.6980988,323,56,14
2008_10_07,43,36.9653288,10.3546983,323,55,12
2008_10_15,28,29.7867779,9.0370663,323,54,11
2008_10_23,22,22.716338,5.9168955,323,48,9
2008_10_31,16,16.3177234,4.0144545,323,31,7
2008_11_08,9,9.5737631,1.5932034,323,24,5
2008_11_16,8,8.449103,1.9407444,323,20,3
2008_11_24,9,8.5919462,1.628942,323,21,4
2008_12_02,7,7.8789985,1.8218019,323,23,3
2008_12_10,7,7.5586288,1.5066238,323,20,3
2008_12_18,6,5.9859389,2.0398413,323,20,1
2008_12_26,7,7.6499591,1.5886245,323,21,3
2009_01_01,7,6.7555824,1.4816174,323,18,2
2009_01_09,7,7.5975317,1.5869825,323,21,3
2009_01_17,7,7.1468676,1.6097106,323,21,3
2009_01_25,7,7.5078233,1.628583,323,22,3
2009_02_02,7,7.5655069,1.6309532,323,22,3
2009_02_10,7,7.7101794,1.7540715,323,23,3
2009_02_18,9,9.4452981,2.146844,323,21,3
2009_02_26,9,8.9112794,1.1876203,323,19,5
2009_03_06,10,10.2569665,2.1000345,323,31,5
2009_03_14,10,10.4911279,1.8493989,323,22,5
2009_03_22,9,9.8924621,2.3783499,323,31,6
2009_03_30,13,13.2770156,2.2837723,323,24,7
2009_04_07,14,14.2826376,3.6680317,323,46,7
2009_04_15,18,18.5813486,4.7952389,323,52,10
2009_04_23,40,38.012305,10.6264162,323,68,14
2009_05_01,29,34.2533324,17.7613722,323,70,6
2009_05_09,47,44.6857889,8.2198486,323,64,15
2009_05_17,48,43.8800961,16.9078926,323,70,8
2009_05_25,46,44.376468,11.3453321,323,70,11
2009_06_02,55,50.094989,14.4234592,323,70,2
2009_06_10,13,14.0738789,8.6236699,323,70,1
2009_06_18,44,40.5317626,18.9128249,323,70,6
2009_06_26,51,49.8859742,9.4781764,323,68,20
2009_07_04,48,41.424054,16.4313582,323,70,12
2009_07_12,50,49.0851108,9.137776,323,70,14
2009_07_20,31,36.979451,14.5217708,323,70,10
2009_07_28,50,47.6555934,12.6209738,323,70,7
2009_08_05,54,48.2833449,15.6511926,323,68,12
2009_08_13,16,20.7568263,14.4365235,323,70,4
2009_08_21,10,11.5478725,9.5651947,323,70,3
2009_08_29,48,41.044281,13.002737,323,64,15
2009_09_06,48,43.5201771,10.9891963,323,68,12
2009_09_14,21,21.9078159,6.8719074000000004,323,59,10
2009_09_22,44,38.1859169,10.2384655,323,60,12
2009_09_30,42,35.229515,11.0306152,323,53,10
2009_10_08,29,29.3279918,10.7744431,323,59,8
2009_10_16,24,25.1817949,6.6767705,323,46,7
2009_10_24,14,13.8647423,3.4263621,323,41,7
2009_11_01,11,11.4087245,1.9241878,323,24,6
2009_11_09,9,8.7130331,1.6131011,323,22,6
2009_11_17,4,4.3454067,1.6610304,323,21,1
2009_11_25,7,8.0535494,1.8837884,323,21,3
2009_12_03,7,7.5000061,1.7757624,323,21,3
2009_12_11,7,7.6894474,1.5900659,323,19,4
2009_12_19,8,8.2793327,1.8162216,323,20,5
2009_12_27,7,7.3643947,1.6572926,323,22,3
2010_01_01,7,7.8578519,1.5848309,323,20,3
2010_01_09,7,7.3027476,1.4489826,323,20,3
2010_01_17,7,7.4513957,1.8470184,323,22,3
2010_01_25,7,6.9738655,1.6373056,323,23,3
2010_02_02,7,6.8368151,1.5515563,323,18,3
2010_02_10,7,7.8530958,2.1118409,323,21,3
2010_02_18,7,8.0068781,2.0427337,323,22,4
2010_02_26,9,9.5893121,2.0590959,323,32,5
2010_03_06,10,10.3346382,3.1211945,323,44,6
2010_03_14,10,10.2497348,1.7986257,323,25,6
2010_03_22,10,11.1678923,2.5428306,323,26,6
2010_03_30,14,14.4288589,3.0933518,323,36,9
2010_04_07,29,31.5423969,10.1046789,323,66,13
2010_04_15,24,27.6460201,8.874696,323,66,14
2010_04_23,42,37.3846632,9.5449343,323,66,15
2010_05_01,44,42.0141221,11.4707742,323,70,10
2010_05_09,43,37.8134246,10.4183868,323,65,11
2010_05_17,47,40.5529702,13.1782658,323,70,8
2010_05_25,45,41.9310601,13.0118841,323,70,13
2010_06_02,54,52.8482664,10.2453488,323,68,17
2010_06_10,55,54.4502372,9.5775714,323,68,20
2010_06_18,53,52.8970475,9.2916133,323,68,21
2010_06_26,39,37.5468725,12.335196,323,68,16
2010_07_04,50,48.5556043,9.69287,323,68,17
2010_07_12,51,47.7950341,14.6704818,323,70,3
2010_07_20,46,45.8635715,9.936951,323,68,17
2010_07_28,31,34.3069306,17.0387232,323,70,6
2010_08_05,44,39.3201624,10.633646,323,61,16
2010_08_13,50,46.2172344,12.5570687,323,70,8
2010_08_21,47,41.4977378,11.3865516,323,68,13
2010_08_29,48,43.4208588,12.3920391,323,68,13
2010_09_06,43,40.3782241,11.3137822,323,66,12
2010_09_14,44,37.3488823,13.0646736,323,66,8
2010_09_22,24,29.0273662,11.932283,323,54,8
2010_09_30,32,32.9984268,10.8395235,323,54,10
2010_10_08,29,30.3346382,11.1363705,323,52,8
2010_10_16,26,28.8290955,9.4710786,323,54,11
2010_10_24,18,17.7040208,3.4699792,323,34,9
2010_11_01,14,13.7075208,2.3479334,323,30,8
2010_11_09,11,10.8747058,2.0138742,323,27,6
2010_11_17,10,9.8537421,1.7311624,323,24,6
2010_11_25,7,6.902133,1.7066098,323,21,3
2010_12_03,7,7.9817681,1.8720694,323,22,3
2010_12_11,6,6.3785656,1.6876161,323,19,3
2010_12_19,8,8.0143172,1.8810183,323,22,3
2010_12_27,7,6.6353248,1.7160363,323,26,3
2011_01_01,7,7.3013817,1.5386218,323,21,3
2011_01_09,7,7.2565885,1.7081817,323,21,3
2011_01_17,5,5.0384517,1.3851159,323,18,2
2011_01_25,7,7.3039671,1.5605988,323,21,3
2011_02_02,7,6.8811693,1.7349896,323,24,3
2011_02_10,7,7.5614581,1.5212111,323,20,3
2011_02_18,9,9.3817851,1.5044465,323,24,5
2011_02_26,9,9.110355,1.6445137,323,31,5
2011_03_06,10,10.3652727,1.7352879,323,24,5
2011_03_14,9,9.6208368,1.7919306,323,22,5
2011_03_22,9,9.1652337,2.6517819,323,36,6
2011_03_30,12,12.9253406,2.828932,323,26,7
2011_04_07,16,16.6158002,4.9633997,323,60,9
2011_04_15,21,21.6959475,5.3095136,323,62,11
2011_04_23,44,38.8245101,10.8275934,323,66,13
2011_05_01,40,33.5980317,15.5981599,323,70,3
2011_05_09,43,40.6840693,10.5631436,323,68,9
2011_05_17,49,48.622971,8.3538534,323,70,15
2011_05_25,55,52.0761595,12.620806,323,68,15
2011_06_02,55,53.5616166,9.4915744,323,68,13
2011_06_10,45,43.8284613,11.1961997,323,68,14
2011_06_18,52,48.5138477,13.344299,323,68,5
2011_06_26,35,38.7117892,13.4997095,323,68,14
2011_07_04,49,47.267674,9.0939012,323,68,14
2011_07_12,46,45.2711375,12.1092667,323,67,16
2011_07_20,49,48.9056452,9.0216814,323,68,14
2011_07_28,51,47.4812864,13.456652,323,68,16
2011_08_05,48,43.3411505,15.4106172,323,68,15
2011_08_13,48,44.761119,14.2131189,323,69,5
2011_08_21,49,46.4590178,12.4705452,323,68,16
2011_08_29,50,47.0456591,10.6456872,323,68,15
2011_09_06,48,45.4632496,11.0834417,323,68,14
2011_09_14,40,36.7584239,10.8638296,323,62,10
2011_09_22,42,36.4369565,10.9967637,323,70,12
2011_09_30,44,38.8706204,9.6380777,323,59,13
2011_10_08,24,25.2502104,6.3068503,323,49,11
2011_10_16,20,21.0557812,5.1121667,323,49,10
2011_10_24,18,17.8371444,2.6659025,323,40,9
2011_11_01,16,15.0947451,2.9260488,323,30,6
2011_11_09,10,10.0395858,1.6122928,323,22,6
2011_11_17,9,8.7743021,1.667866,323,21,4
2011_11_25,8,8.4045049,1.9853821,323,22,3
2011_12_03,8,7.9369017,1.7401694,323,21,3
2011_12_11,8,8.3334309,1.9185057,323,26,5
2011_12_19,7,6.9109501,1.687298,323,24,3
2011_12_27,7,7.2128928,1.5776599,323,20,3
2012_01_01,7,7.0813059,1.8875042,323,24,3
2012_01_09,7,7.8052415,1.5355288,323,19,3
2012_01_17,7,6.6038854,1.7706109,323,23,3
2012_01_25,7,7.7835705,1.6276293,323,21,4
2012_02_02,6,5.8827913,1.6534479,323,21,3
2012_02_10,7,7.9227064,1.6397742,323,20,5
2012_02_18,9,8.8946694,1.8430806,323,21,4
2012_02_26,10,9.892706,2.2525044,323,32,6
2012_03_05,10,10.5232381,1.8970473,323,27,6
2012_03_13,10,11.062013,2.4622328000000002,323,38,7
2012_03_21,13,13.7394237,2.7290912,323,37,8
2012_03_29,20,21.2052342,7.7451784,323,62,10
2012_04_06,33,35.8484738,11.0785354,323,68,14
2012_04_14,46,40.5082501,13.9781886,323,68,13
2012_04_22,45,42.1807217,8.3263731,323,61,14
2012_04_30,49,46.5884828,11.2195409,323,68,9
2012_05_08,15,20.4194441,18.2427813,323,70,1
2012_05_16,51,47.3629069,12.5120705,323,68,15
2012_05_24,53,52.3368212,9.9909371,323,68,17
2012_06_01,52,48.7305699,14.6393083,323,70,3
2012_06_09,34,37.6369224,12.4847365,323,67,16
2012_06_17,51,50.0369273,10.0986185,323,68,13
2012_06_25,53,51.5671289,10.6357046,323,68,18
2012_07_03,51,50.1388188,10.2717796,323,68,16
2012_07_11,26,31.1427091,19.5207938,323,70,5
2012_07_19,35,39.2002829,17.8918935,323,68,10
2012_07_27,51,48.9780729,11.923622,323,70,8
2012_08_04,16,24.623093,20.3036256,323,70,3
2012_08_12,49,47.4765668,7.3297918,323,68,19
2012_08_20,16,19.9751582,13.5955345,323,70,6
2012_08_28,26,30.035598,16.8816946,323,69,1
2012_09_05,44,42.3355773,8.6689706,323,68,16
2012_09_13,25,28.8724619,11.757627,323,70,7
2012_09_21,44,39.4393834,8.7536946,323,56,12
2012_09_29,13,16.5131526,10.2941069,323,65,7
2012_10_07,22,23.2028074,4.8489496,323,45,11
2012_10_15,18,19.065452,3.1564101,323,40,10
2012_10_23,16,15.343931,2.658208,323,40,8
2012_10_31,7,7.3684313,1.9619251,323,23,3
2012_11_08,10,9.9939755,1.7346857,323,23,6
2012_11_16,8,8.3947365,1.6061757,323,21,5
2012_11_24,8,8.332626,1.6564133,323,22,4
2012_12_02,8,7.944731,1.7341884,323,21,3
2012_12_10,4,3.7867901,1.1970419,323,12,1
2012_12_18,7,7.2675033000000004,1.6428809,323,20,3
2012_12_26,6,5.9496579,1.9259554,323,15,1
2013_01_01,7,7.3407846,1.5339862,323,18,3
2013_01_09,3,3.64302,2.4226674,323,30,1
2013_01_17,7,7.0446225,1.6561008,323,18,3
2013_01_25,7,7.837998,1.769685,323,23,3
2013_02_02,6,6.0424517,1.5057202,323,15,3
2013_02_10,8,8.3915292,2.3521711,323,25,5
2013_02_18,9,9.3805778,1.8770701,323,20,3
2013_02_26,9,9.0020244,2.0059435,323,22,3
2013_03_06,8,8.1497701,2.4084698,323,33,3
2013_03_14,10,10.9529141,2.1932139,323,32,6
2013_03_22,11,11.2338809,2.315359,323,24,6
2013_03_30,12,12.0684521,2.972678,323,33,7
2013_04_07,16,16.6535324,3.6067514,323,44,8
2013_04_15,22,24.5592385,14.2459799,323,67,7
2013_04_23,45,40.8501567,9.4136465,323,66,12
2013_05_01,6,6.6794961,2.6953198,323,16,2
2013_05_09,50,48.3946999,11.1052196,323,70,10
2013_05_17,46,42.6893865,12.3777616,323,70,2
2013_05_25,50,49.4059928,8.8848858,323,68,16
2013_06_02,43,38.1956243,15.4711517,323,64,9
2013_06_10,55,49.1835754,17.0408557,323,70,6
2013_06_18,49,47.0401834,11.1008496,323,70,11
2013_06_26,46,42.5825559,14.8914246,323,70,8
2013_07_04,32,35.237698,18.9605152,323,70,3
2013_07_12,40,36.0270613,17.1612658,323,70,8
2013_07_20,51,48.5936658,13.9391828,323,70,2
2013_07_28,40,38.1178673,15.3521155,323,70,8
2013_08_05,53,47.0343785,15.6663774,323,68,10
2013_08_13,44,37.9286211,14.4667651,323,63,3
2013_08_21,46,42.729326,7.5774954,323,66,16
2013_08_29,50,44.5790558,14.8157085,323,69,8
2013_09_06,49,46.6215442,10.5078284,323,69,8
2013_09_14,45,40.2458079,10.1915987,323,58,12
2013_09_22,36,33.6343004,15.3529946,323,70,1
2013_09_30,43,37.0091952,10.5259516,323,54,10
2013_10_08,17,17.0675618,4.363287,323,47,5
2013_10_16,17,16.8335224,2.9767733,323,28,3
2013_10_24,20,20.4167734,4.3541697,323,44,10
2013_11_01,10,9.8990963,1.7731859,323,23,6
2013_11_09,9,9.5519336,1.8208388,323,24,6
2013_11_17,8,8.2008317,1.5824401,323,20,3
2013_11_25,9,8.6521177,1.6413925,323,21,5
2013_12_03,2,2.1073916,0.8762868,323,4,1
2013_12_11,8,8.2782961,1.6413984,323,21,4
2013_12_19,7,7.4014317,1.4742955,323,19,3
2013_12_27,8,8.0573787,1.6237733,323,22,4
2014_01_01,7,7.8004244,1.5306083,323,19,4
2014_01_09,7,7.6229222,1.6439133,323,20,3
2014_01_17,7,7.8248149,1.7146561,323,23,4
2014_01_25,7,7.4556153,1.8118466,323,23,3
2014_02_02,5,5.1901609,1.1118819,323,12,2
2014_02_10,5,4.9386578,1.5731515,323,9,2
2014_02_18,9,8.222832,1.8480716,323,21,3
2014_02_26,9,9.5376285,1.6277412,323,25,5
2014_03_06,10,10.3627849,2.0168942,323,34,5
2014_03_14,10,10.0699521,1.5843107,323,28,5
2014_03_22,10,10.4806034,1.7689374,323,31,7
2014_03_30,12,11.880901,1.8822918,323,23,7
2014_04_07,12,12.9289138,4.3424471,323,48,6
2014_04_15,17,18.0120245,3.8104903,323,51,8
2014_04_23,24,24.7979366,7.0210248,323,66,12
2014_05_01,42,34.7742168,12.3619589,323,66,8
2014_05_09,50,49.7096428,8.4083393,323,70,15
2014_05_17,45,42.8810229,10.1420501,323,68,16
2014_05_25,51,50.334809,9.0930221,323,68,16
2014_06_02,46,44.9436822,8.6307494,323,68,15
2014_06_10,54,53.1019647,9.9806809,323,68,13
2014_06_18,48,37.993695,18.946732,323,70,2
2014_06_26,50,47.3129306,10.9312226,323,70,11
2014_07_04,44,39.8841815,9.9924547,323,66,15
2014_07_12,47,44.2151734,13.276689,323,68,9
2014_07_20,33,33.5397383,16.5264144,323,70,7
2014_07_28,33,35.4974573,18.2245339,323,70,4
2014_08_05,51,44.8519006,16.8453261,323,70,2
2014_08_13,48,47.9489628,9.2023977,323,68,17
2014_08_21,48,48.5016281,9.1155606,323,68,17
2014_08_29,49,44.2041976,13.9943478,323,68,12
2014_09_06,8,9.0642447,6.445471,323,70,2
2014_09_14,45,41.3937487,9.9517175,323,68,12
2014_09_22,44,37.3686264,12.5763117,323,58,5
2014_09_30,41,36.6985573,10.0065339,323,67,8
2014_10_08,26,27.3846266,7.5794874,323,45,10
2014_10_16,25,26.9638776,7.1818231,323,47,12
2014_10_24,20,19.8737911,4.7103327,323,43,8
2014_11_01,13,13.5522141,2.1209848,323,28,7
2014_11_09,11,11.0590129,1.9077589,323,25,6
2014_11_17,9,8.8538519,1.5313534,323,20,6
2014_11_25,8,8.1465384,1.5786377,323,21,3
2014_12_03,7,7.2995768,1.7148685,323,21,3
2014_12_11,7,7.4798351,1.352314,323,18,4
2014_12_19,7,7.0563665,1.6545432,323,19,3
2014_12_27,7,7.2949304,1.456774,323,20,3
2015_01_01,7,7.4968597,1.4623756,323,20,4
2015_01_09,7,6.9910853,1.7665191,323,19,3
2015_01_17,7,7.3322114,1.6035359,323,21,3
2015_01_25,7,6.8588154,1.8393116,323,23,3
2015_02_02,5,5.2051732,1.5445038,323,17,3
2015_02_10,6,6.1729533,1.7121443,323,22,3
2015_02_18,6,6.4922743,4.0303462,323,70,3
2015_02_26,2,2.2218808,1.0910579,323,6,1
2015_03_06,9,8.9069013,1.1761691,323,17,5
2015_03_14,10,9.7822169,1.4287179,323,20,5
2015_03_22,9,9.5229698,1.2091835,323,15,6
2015_03_30,12,12.1186966,2.6355679,323,36,6
2015_04_07,15,14.5885803,2.2652428,323,23,8
2015_04_15,20,21.8058391,5.7471925,323,62,14
2015_04_23,29,31.5433847,9.4619476,323,66,15
2015_05_01,51,49.5946902,11.627845,323,70,15
2015_05_09,51,49.3791997,10.9865627,323,68,15
2015_05_17,51,48.5733972,11.4969831,323,70,11
2015_05_25,31,34.502433,18.8513955,323,70,6
2015_06_02,52,44.7775948,16.5428893,323,68,7
2015_06_10,55,52.7845949,10.9072486,323,69,19
2015_06_18,54,52.7961439,10.0899899,323,68,10
2015_06_26,55,53.9229015,9.4234295,323,68,8
2015_07_04,49,47.672118,9.7209708,323,68,20
2015_07_12,52,47.1590995,16.5409291,323,70,3
2015_07_20,53,42.8474859,19.576024,323,70,10
2015_07_28,53,52.0542324,9.0353214,323,69,18
2015_08_05,49,44.2707716,12.6618688,323,66,5
2015_08_13,50,45.8128026,13.9936176,323,70,2
2015_08_21,51,47.9104013,10.5376755,323,67,15
2015_08_29,43,39.8461323,10.1236269,323,70,7
2015_09_06,18,24.9729509,19.072775,323,70,2
2015_09_14,44,39.911377,9.8910725,323,58,11
2015_09_22,1,2.7573141,2.8977733,323,14,1
2015_09_30,30,32.0419883,10.5618677,323,58,12
2015_10_08,24,26.1078794,6.8300091,323,46,9
2015_10_16,23,24.0527202,6.1815718,323,56,9
2015_10_24,15,14.940231,2.5971081,323,34,8
2015_11_01,3,6.81901,8.2958977,323,70,0
2015_11_09,9,8.8203515,1.7836848,323,21,3
2015_11_17,7,8.1120014,1.8870267,323,18,3
2015_11_25,7,7.6633739,1.9417121,323,19,3
2015_12_03,8,8.1466725,1.7521579,323,20,3
2015_12_11,7,7.6007268,1.7006291,323,16,3
2015_12_19,7,7.448042,1.4765303,323,18,3
2015_12_27,7,7.6465689,1.8315722,323,20,1
2016_01_01,7,7.8440347,2.1511971,323,28,3
2016_01_09,7,6.9832315,1.6391954,323,17,3
2016_01_17,7,7.4623837,1.5506788,323,18,3
2016_01_25,7,7.2448079,1.68232,323,21,3
2016_02_02,7,7.2023317,1.4325168,323,21,3
2016_02_10,7,7.8290223,1.7175716,323,18,3
2016_02_26,9,9.4909572,2.3013573,323,31,5
2016_03_05,9,9.3647727,1.4702004,323,23,6
2016_03_13,10,10.1977219,2.3179159,323,31,6
2016_03_21,11,11.0918182,1.7400648,323,18,6
2016_03_29,15,15.5666654,3.3142296,323,30,8
2016_04_06,16,17.5008964,5.3385242999999996,323,58,10
2016_04_14,21,24.284284,10.2339277,323,59,11
2016_04_22,50,48.673496,10.9721519,323,68,16
2016_04_30,47,41.2527958,17.4941203,323,70,3
2016_05_08,49,48.4483347,8.0294594,323,68,18
2016_05_16,41,39.3698948,12.0061504,323,70,6
2016_05_24,52,47.9787193,12.3243009,323,70,18
2016_06_01,54,52.4417005,11.2724148,323,70,3
2016_06_09,49,49.4628227,9.3509851,323,68,19
2016_06_17,46,42.9714021,9.6077694,323,70,17
2016_06_25,43,39.4757619,12.7835445,323,67,8
2016_07_03,54,53.0249393,9.7133725,323,68,17
2016_07_11,50,46.8571202,11.6986847,323,68,18
2016_07_19,50,50.7038622,8.1141146,323,68,17
2016_07_27,44,41.1084525,18.0598025,323,68,7
2016_08_04,34,34.7722411,18.0922875,323,70,4
2016_08_12,50,49.4769326,8.7168259,323,68,19
2016_08_20,48,46.0983305,8.2311775,323,63,17
2016_08_28,20,21.7588263,9.8705401,323,65,6
2016_09_05,46,43.5598117,7.306575,323,62,16
2016_09_13,45,39.1557458,10.2628446,323,68,13
2016_09_21,21,28.7347529,15.1472695,323,63,5
2016_09_29,21,26.7050086,14.0915454,323,63,7
2016_10_07,35,33.2990402,9.6554628,323,62,11
2016_10_15,28,29.6765083,8.9154551,323,58,11
2016_10_23,22,22.0503909,4.8280222,323,48,9
2016_10_31,14,14.3902487,2.7896747,323,41,7
2016_11_08,12,11.8499738,1.9195596,323,26,6
2016_11_16,10,10.4970426,1.7549073,323,26,6
2016_11_24,8,8.1309284,1.5467239,323,21,4
2016_12_02,8,8.0100733,1.5658413,323,20,3
2016_12_10,7,7.301711,1.3513781,323,18,3
2016_12_18,7,7.5247503,1.5079465,323,21,3
2016_12_26,7,6.9832681,1.3842576,323,20,3
2017_01_01,4,6.0439152,8.5704144,323,70,1
2017_01_09,5,6.2208807,9.0183139,323,70,1
2017_01_17,7,7.1822217,1.553464,323,19,3
2017_01_25,7,7.744814,1.6582524,323,21,4
2017_02_02,7,7.8250466,1.6471228,323,21,3
2017_02_10,8,7.9650849,1.8271291,323,20,4
2017_02_18,10,10.2855157,1.9017858,323,26,6
2017_02_26,10,10.6076172,2.468768,323,30,6
2017_03_06,10,10.8749863,1.8497824,323,27,7
2017_03_14,10,10.7526433,2.3515924,323,29,6
2017_03_22,10,10.9310235,2.0737165,323,25,5
2017_03_30,13,13.4879328,2.2905865,323,22,7
2017_04_07,18,20.8426078,9.5316636,323,62,12
2017_04_15,38,38.3624922,9.824528,323,66,15
2017_04_23,14,22.5381407,18.5347352,323,70,4
2017_05_01,49,48.0789644,9.4404606,323,68,14
2017_05_09,55,53.2071367,10.1556322,323,68,18
2017_05_17,51,50.5260186,8.8464555,323,68,14
2017_05_25,42,37.2840522,12.3194134,323,68,12
2017_06_02,54,52.1575385,10.9183718,323,70,12
2017_06_10,54,52.5133599,11.7527632,323,70,19
2017_06_18,43,37.6836303,11.7516409,323,66,11
2017_06_26,45,41.6168734,13.5039143,323,68,13
2017_07_04,52,51.0012195,9.9976734,323,70,17
2017_07_12,53,51.030537,12.6484248,323,68,8
2017_07_20,53,52.835376,9.8247231,323,68,14
2017_07_28,22,31.5798729,19.3393279,323,70,6
2017_08_05,48,44.490445,11.879802,323,70,5
2017_08_13,49,44.3873584,14.249236,323,70,10
2017_08_21,48,45.5998366,10.4935321,323,68,7
2017_08_29,48,44.5967268,9.8130626,323,69,17
2017_09_06,47,43.9258771,8.0132679,323,62,15
2017_09_14,44,41.8641935,8.655596,323,65,14
2017_09_22,42,37.6433981,9.6317715,323,57,11
2017_09_30,43,37.0561226,10.1017919,323,54,12
2017_10_08,16,17.3644313,7.1143167,323,64,8
2017_10_16,21,22.3705289,5.9003196,323,49,10
2017_10_24,18,19.0063415,4.719223,323,43,8
2017_11_01,8,8.7284113,2.960714,323,26,4
2017_11_09,9,9.164002,1.7603934,323,23,6
2017_11_17,9,9.1260015,1.7136663,323,24,6
2017_11_25,8,8.0983671,1.5987887,323,20,4
2017_12_03,8,8.2077342,1.6860932,323,22,3
2017_12_11,7,7.5957146,1.4839446,323,18,3
2017_12_19,5,4.4742619,1.3612577,323,15,1
2017_12_27,7,6.5969707,1.7184754,323,20,3
2018_01_01,7,7.1031842,1.8050677,323,22,3
2018_01_09,7,7.533787,1.7064582,323,25,3
2018_01_17,7,6.9401944,2.5353334,323,23,2
2018_01_25,7,7.4323955,1.6327153,323,22,3
2018_02_02,7,7.1609044,1.5773439,323,20,3
2018_02_10,1,1.1519287,0.3865384,323,3,0
2018_02_18,6,6.2703813,1.7051939,323,16,3
2018_02_26,9,9.8729741,1.8122063,323,23,5
2018_03_06,5,5.5702996,1.5066238,323,15,3
2018_03_14,7,8.069513,2.2252159,323,16,3
2018_03_22,10,10.6542641,2.3594988,323,30,6
2018_03_30,10,10.791217,2.8798595,323,25,6
2018_04_07,12,13.0620983,2.5138709,323,30,7
2018_04_15,19,19.6743619,4.7994527,323,56,11
2018_04_23,29,33.9750607,12.2168768,323,66,14
2018_05_01,48,45.0925621,11.5755628,323,68,15
2018_05_09,50,51.0967573,10.8530894,323,69,15
2018_05_17,21,30.3988463,19.4081717,323,70,7
2018_05_25,41,38.2175148,13.0658511,323,62,7
2018_06_02,52,48.9314992,13.5937705,323,68,9
2018_06_10,41,38.4693472,12.3647088,323,70,14
2018_06_18,53,51.5630191,9.9133098,323,68,16
2018_06_26,45,40.6859718,16.062225,323,70,7
2018_07_04,51,46.5766778,16.1841814,323,70,7
2018_07_12,45,42.4415298,11.8836145,323,70,11
2018_07_20,32,36.6789717,17.5503384,323,70,5
2018_07_28,9,18.4883962,20.5922141,323,70,1
2018_08_05,53,52.6157392,8.4909637,323,68,22
2018_08_13,47,45.98389,8.6679411,323,67,18
2018_08_21,49,48.3674313,6.5458391,323,66,18
2018_08_29,44,39.9626093,10.2793772,323,70,7
2018_09_06,16,25.2166124,19.755374,323,70,3
2018_09_14,44,37.0752082,11.9111812,323,70,9
2018_09_22,44,38.3857486,9.5188486,323,55,11
2018_09_30,33,33.1030135,9.07485,323,56,11
2018_10_08,16,21.6813132,13.7091685,323,57,6
2018_10_16,24,24.5309577,7.4726697,323,53,9
2018_10_24,22,22.7683386,5.64439,323,43,10
2018_11_01,11,11.1793802,2.2734706,323,30,6
2018_11_09,9,8.6520689,1.6703238,323,22,3
2018_11_17,9,9.0642691,1.8486939,323,23,3
2018_11_25,7,7.8521689,1.7757732,323,23,3
2018_12_03,6,5.8905109,1.5407384,323,19,3
2018_12_11,7,7.3216625,1.528741,323,19,3
2018_12_19,8,8.0260857,1.8316874,323,24,3
2018_12_27,3,3.1609776,0.7525959,323,5,1
2019_01_01,6,5.9221576,1.5555481,323,19,3
2019_01_09,7,7.6963865,1.4711454,323,18,3
2019_01_17,6,6.24232,1.6809292,323,19,3
2019_01_25,8,8.0010854,1.823469,323,24,4
2019_02_02,8,8.0592446,1.6048324,323,22,5
2019_02_10,7,7.7201185,1.7387202,323,24,3
2019_02_18,10,10.0989402,1.798194,323,24,5
2019_02_26,7,6.9060598,1.4440791,323,17,3
2019_03_06,10,10.2117221,1.7306142,323,24,5
2019_03_14,7,7.493506,1.4792154,323,18,4
2019_03_22,12,11.8396688,2.4588671,323,33,7
2019_03_30,9,9.4645057,2.1000299,323,22,6
2019_04_07,12,12.0568178,2.3364216,323,27,6
2019_04_15,23,25.1765265,9.3525236,323,66,13
2019_04_23,50,44.898389,15.7558472,323,68,11
2019_05_01,35,34.2092343,14.8289244,323,68,6
2019_05_09,22,29.0642203,18.849839,323,70,5
2019_05_17,46,43.660008,13.6392563,323,69,12
2019_05_25,48,47.1911731,9.5561959,323,68,12
2019_06_02,43,38.2260637,11.3902852,323,67,8
2019_06_10,48,47.263113,9.238361,323,68,18
2019_06_18,50,46.2594788,11.7877248,323,68,6
2019_06_26,54,53.34287,10.8778974,323,68,17
2019_07_04,44,39.1776241,14.3647352,323,68,7
2019_07_12,52,48.5262869,12.099838,323,68,17
2019_07_20,48,46.1610507,12.8507745,323,68,2
2019_07_28,52,50.2042342,11.776468,323,68,12
2019_08_05,50,47.0487811,11.3547499,323,68,7
2019_08_13,46,38.2503933,16.8884232,323,70,8
2019_08_21,49,44.0538421,12.9269954,323,68,7
2019_08_29,48,44.9909755,8.6059781,323,67,14
2019_09_06,47,43.0640008,8.9792953,323,60,12
2019_09_14,43,38.0109026,9.4750945,323,56,9
2019_09_22,44,38.1920267,10.566827,323,54,8
2019_09_30,36,33.6988378,10.1607341,323,50,7
2019_10_08,24,25.5515433,8.6237411,323,49,7
2019_10_16,18,18.6193002,4.2695149,323,54,6
2019_10_24,12,12.7011061,2.0856719,323,25,6
2019_11_01,13,13.434798,2.8151524,323,28,6
2019_11_09,11,11.5175795,2.0049541,323,24,5
2019_11_17,9,8.6708862,1.5297752,323,21,5
2019_11_25,9,8.7974731,1.6859454,323,24,4
2019_12_03,7,7.4207978,1.5061657,323,20,3
2019_12_11,8,7.912255,1.5418889,323,19,3
2019_12_19,7,7.4084318,1.8270714,323,23,3
2019_12_27,7,6.4609934,1.5992443,323,20,3
2020_01_01,7,6.9664508,1.5734744,323,20,3
2020_01_09,6,6.034476,1.5050898,323,14,1
2020_01_17,7,7.5498116,1.7289851,323,21,3
2020_01_25,8,8.4010903,1.7767661,323,22,4
2020_02_02,6,6.5335919,2.150805,323,23,3
2020_02_10,8,8.3106135,1.6705591,323,20,3
2020_02_18,9,9.8475225,1.8338578,323,27,5
2020_02_26,11,11.0089147,2.1179231,323,27,6
2020_03_05,11,11.3793827,2.7738694,323,32,6
2020_03_13,7,6.6906426,1.6966453,323,14,2
2020_03_21,10,10.5976048,2.9360555,323,38,6
2020_03_29,16,16.6237515,3.9918084,323,55,8
2020_04_06,27,31.1891852,11.4737853,323,63,15
2020_04_14,47,43.0187563,10.7259534,323,68,15
2020_04_22,50,46.8490469,13.8111889,323,69,13
2020_04_30,48,48.1786485,10.8974995,323,68,12
2020_05_08,49,46.5502384,12.9383172,323,68,13
2020_05_16,50,49.1873194,10.549958,323,68,12
2020_05_24,49,44.4201759,17.0734493,323,70,9
2020_06_01,52,50.8329614,10.8098643,323,68,15
2020_06_09,46,44.9054988,12.6829459,323,70,16
2020_06_17,45,42.4115172,12.2270391,323,70,7
2020_06_25,53,51.0168661,11.6042818,323,70,7
2020_07_03,46,43.0412932,11.356574,323,66,11
2020_07_11,53,53.757058,8.2292291,323,68,17
2020_07_19,54,52.4388224,10.4971121,323,68,16
2020_07_27,49,47.2540275,10.3667454,323,68,4
2020_08_04,51,48.4605178,11.5098874,323,70,6
2020_08_12,24,32.1721972,19.4520107,323,70,6
2020_08_20,48,45.5940804,8.4685534,323,67,15
2020_08_28,45,42.6006293,8.1866613,323,67,10
2020_09_05,47,45.0180002,7.4660006,323,68,10
2020_09_13,43,39.1345016,9.8298252,323,62,11
2020_09_21,17,19.2821254,7.5990458,323,56,7
2020_09_29,41,37.4825913,8.3545154,323,55,11
2020_10_07,20,24.6897157,9.9229575,323,58,10
2020_10_15,23,25.2575397,7.7045606,323,59,10
2020_10_23,13,13.8284003,4.1061456,323,48,6
2020_10_31,13,12.9618776,2.3896557,323,33,6
2020_11_08,10,10.3212478,1.9467801,323,25,6
2020_11_16,9,9.2214905,1.9546861,323,21,6
2020_11_24,9,8.937487,1.8252658,323,20,6
2020_12_02,7,8.1574897,2.3998581,323,25,3
2020_12_10,7,7.4200783,1.570865,323,19,3
2020_12_18,7,7.1273674,1.7105088,323,21,3
2020_12_26,7,7.2051001,1.5562319,323,23,3
NA,NA,NA,NA,NA,NA,NA
